;Al;C;Co;Cr;Cu;Fe;Hf;Mn;Mo;Nb;Ni;Re;Ru;Si;Ta;Ti;V;W;Zr;Temperature capability (C);Mass price (USD/kg);Supply risk;Normalized vulnerability to supply restriction;Embodied energy (MJ/kg);Rock to metal ratio (kg/kg);Water usage (l/kg);Human health damage;Human rights pressure;Labor rights pressure;Class
N90;0.015;0.0007;0.165;0.195;0.0;0.0;0.0;0.0;0.0;0.0;0.5987;0.0;0.0;0.0;0.0;0.025;0.0;0.0;0.0006;824.0;13.877150400000005;0.22822195446445792;0.10349664692670242;252.61290000000008;297.69890630096324;343.38480000000004;28.523136927344172;34.815727464260426;57.46877518049243;Ni superalloys
WASPALOY;0.013;0.0008;0.135;0.135;0.0;0.0;0.0;0.0;0.043;0.0;0.6432;0.0;0.0;0.0;0.0;0.03;0.0;0.0;0.0;854.0;14.031257600000002;0.19999803004012606;0.10063422115340714;227.9564000000001;474.84875005824364;321.41470000000004;31.048888392763317;34.60025807936527;59.17224558819795;Ni superalloys
U500;0.029;0.0008;0.185;0.18;0.0;0.0;0.0;0.0;0.04;0.0;0.5357;0.0;0.0;0.0;0.0;0.029;0.0;0.0;0.0005;874.0;14.738132600000005;0.2503303139475509;0.1042292297951607;245.48590000000004;478.4502500582437;362.48494999999997;29.019683706983553;36.11626545984324;57.450042188535946;Ni superalloys
N105;0.047;0.0013;0.2;0.15;0.0;0.0;0.0;0.0;0.05;0.0;0.5387;0.0;0.0;0.0;0.0;0.012;0.0;0.0;0.001;875.0;14.991043600000001;0.24749366024119734;0.103254872230536;226.21040000000005;534.929968844646;377.8312;29.64816564807179;36.56330319195545;58.58797805257203;Ni superalloys
U700;0.04;0.0006;0.17;0.15;0.0;0.0;0.0;0.0;0.05;0.0;0.5544;0.0;0.0;0.0;0.0;0.035;0.0;0.0;0.0;905.0;14.528943200000004;0.2306309376767831;0.10120627702028993;235.34430000000006;515.0040625436828;358.94040000000007;29.781108485248527;36.10106954003674;57.99985153210495;Ni superalloys
N115;0.049;0.0015;0.132;0.143;0.0;0.0;0.0;0.0;0.0;0.0;0.6371;0.0;0.0;0.0;0.0;0.037;0.0;0.0;0.0004;905.0;12.998858000000004;0.18003459602918692;0.09590977436243572;238.43270000000007;279.42565635920704;344.04100000000005;29.26211292978631;34.74581693143762;57.99504668511794;Ni superalloys
IN713LC;0.059;0.0005;0.0;0.12;0.0;0.0;0.0;0.0;0.045;0.02;0.7485;0.0;0.0;0.0;0.0;0.006;0.0;0.0;0.001;925.0;12.533036000000001;0.11959737390841196;0.0961872571765222;253.43750000000003;402.1660192210164;307.47000000000014;32.63779340489969;32.389134755614506;56.0526370667547;Ni superalloys
MARM200;0.055;0.0015;0.1;0.08;0.0;0.0;0.015;0.0;0.0;0.0;0.6072;0.0;0.0;0.0;0.026;0.015;0.0;0.1;0.0003;954.0;37.008082999999985;0.14366731632350327;0.09450717898937193;369.3179;637.1338721359551;446.56075000000004;31.725852757184388;40.79332400283276;59.03277153763467;Ni superalloys
MARM246;0.055;0.0015;0.1;0.09;0.0;0.0;0.015;0.0;0.025;0.0;0.583;0.0;0.0;0.0;0.015;0.015;0.0;0.1;0.0005;960.0;34.12923299999999;0.16052894422808828;0.09696068370857652;326.17600000000004;644.8628721359552;447.68475000000007;31.758521608971897;40.8969209108041;57.95164574111221;Ni superalloys
RENE80;0.03;0.0016;0.09;0.14;0.0;0.0;0.008;0.0;0.04;0.0;0.6033;0.0;0.0;0.0;0.0;0.047;0.0;0.04;0.0001;946.0;21.591790199999995;0.18231702635696245;0.09880977093599574;263.98160000000007;487.46178186408645;377.88915000000014;30.775171206221636;36.778342383658824;56.45593034558058;Ni superalloys
IN738LC;0.034;0.0011;0.085;0.16;0.0;0.0;0.0;0.0;0.0175;0.009;0.6155;0.0;0.0;0.0;0.0175;0.034;0.0;0.026;0.0004;931.0;19.286129200000005;0.17870960734819186;0.09827511767653888;343.8267500000001;501.0924415256615;327.2666500000001;30.36746934848897;36.14074327159678;56.76379357139432;Ni superalloys
IN792;0.035;0.0007;0.092;0.124;0.0;0.0;0.0;0.0;0.019;0.0;0.60912;0.0;0.0;0.0;0.042;0.039;0.0;0.039;0.00018;949.0;26.56906540000001;0.16876241134897574;0.09378577748630365;423.5193400000001;740.7024063009632;331.2463500000001;31.564476390971116;37.77676664186003;59.368221323695785;Ni superalloys
MARM247;0.055;0.0015;0.1;0.08;0.0;0.0;0.015;0.0;0.006;0.0;0.6022;0.0;0.0;0.0;0.03;0.01;0.0;0.1;0.0003;961.0;38.272882999999986;0.14810119546569578;0.0949687122853043;383.6804;698.040872135955;449.6187500000001;32.025153040718166;40.93613955540086;59.20238195611755;Ni superalloys
PWA1480;0.05;0.0;0.05;0.1;0.0;0.0;0.0;0.0;0.0;0.0;0.625;0.0;0.0;0.0;0.12;0.015;0.0;0.04;0.0;1004.0;48.48150000000001;0.14227729442387205;0.0868840500654594;734.2824999999999;1319.5949999999998;355.20000000000005;34.14197730649852;38.825335940031934;62.727645453339996;Ni superalloys
CMSX2;0.056;0.0;0.05;0.08;0.0;0.0;0.0;0.0;0.006;0.0;0.658;0.0;0.0;0.0;0.06;0.01;0.0;0.08;0.0;1014.0;32.18150000000001;0.11795099258584563;0.08905070480028579;488.38800000000003;860.3799999999999;328.16500000000013;33.28905084033912;39.793479270444486;60.80235729460259;Ni superalloys
NASAJR100;0.0575;0.0;0.0;0.09;0.0;0.0;0.0;0.0;0.01;0.0;0.6925;0.0;0.0;0.0;0.033;0.012;0.0;0.105;0.0;1018.0;24.207850000000004;0.0911184583778668;0.08938036695853024;392.04875000000004;629.8385;301.17425000000014;33.123878095786516;39.81972896586286;58.296777069068156;Ni superalloys
SRR99;0.055;0.0;0.05;0.08;0.0;0.0;0.0;0.0;0.0;0.0;0.573;0.0;0.0;0.0;0.12;0.022;0.0;0.1;0.0;1015.0;50.641500000000015;0.13169133780335784;0.0856869934816157;753.8285;1371.8229999999999;348.9415000000001;34.12343519483956;43.046434855541285;62.44384384350833;Ni superalloys
CMSX4;0.056;0.0;0.09;0.065;0.0;0.0;0.001;0.0;0.006;0.0;0.627;0.03;0.0;0.0;0.065;0.0;0.0;0.06;0.0;1041.0;67.51845000000002;0.1524114939349649;0.11693500953642685;745.1335000000001;3992.9712577745117;458.46200000000005;35.33959937888969;38.60164400859431;61.70548062756914;Ni superalloys
RENEN5;0.062;0.0;0.08;0.07;0.0;0.0;0.002;0.0;0.02;0.0;0.616;0.03;0.0;0.0;0.07;0.0;0.0;0.05;0.0;1054.0;69.4959;0.1591689470344818;0.11704947980732112;764.8560000000002;4082.0601054929616;473.41200000000015;35.684709086555344;38.18787894155635;61.276240588860965;Ni superalloys
PWA1484;0.056;0.0;0.1;0.05;0.0;0.0;0.001;0.0;0.02;0.0;0.593;0.03;0.0;0.0;0.09;0.0;0.0;0.06;0.0;1045.0;75.33845000000001;0.1639912960302442;0.11598794985791865;842.7655000000001;4279.133257774511;470.6560000000001;36.32038387787438;39.7103720096986;63.19280143434702;Ni superalloys
CM186LC;0.057;0.0007;0.093;0.06;0.0;0.0;0.014;0.0;0.005;0.0;0.61525;0.03;0.0;0.0;0.034;0.007;0.0;0.084;5e-05;1012.0;70.80098789999998;0.15095280877735862;0.11999995789153749;638.3787500000003;3785.3114344153237;546.0701750000002;34.61009107385924;39.12000337395422;59.56237996428238;Ni superalloys
CMSX10;0.057;0.0;0.03;0.02;0.0;0.0;0.0003;0.0;0.004;0.0;0.6987;0.06;0.0;0.0;0.08;0.0;0.0;0.05;0.0;1034.0;102.838685;0.1153493948216131;0.13781617652334058;1042.2441500000004;7150.844274427658;535.2901000000002;39.34043406978678;36.34113913228746;62.67691685639884;Ni superalloys
RENEN6;0.0575;0.0;0.125;0.042;0.0;0.0;0.0015;0.0;0.014;0.0;0.574;0.054;0.0;0.0;0.072;0.0;0.0;0.06;0.0;1049.0;97.181875;0.18065131881513408;0.1385126928185673;967.7490000000003;6574.028309678585;560.0427500000001;37.14764604819678;39.12306728553253;62.54941682338966;Ni superalloys
TMS75;0.06;0.0;0.12;0.03;0.0;0.0;0.001;0.0;0.02;0.0;0.599;0.05;0.0;0.0;0.06;0.0;0.0;0.06;0.0;1054.0;88.76895;0.1686866564091869;0.1345466489982808;877.9155000000004;6082.732197811886;534.7670000000002;37.044815304296854;38.82480512777425;62.591850228666054;Ni superalloys
TMS138;0.058;0.0;0.058;0.032;0.0;0.0;0.001;0.0;0.029;0.0;0.637;0.05;0.02;0.0;0.056;0.0;0.0;0.059;0.0;1093.0;234.13985000000008;0.15129783719418444;0.1487082970215871;1348.0570000000007;10412.233197811884;4426.728500000002;39.117016210929215;37.20056887745916;60.53520650816625;Ni superalloys
EPM102;0.0555;0.0003;0.165;0.02;0.0;0.0;0.0015;0.0;0.02;0.0;0.5057;0.0595;0.03;0.0;0.0825;0.0;0.0;0.06;0.0;1092.0;328.5670466000002;0.2170957716891364;0.16682560391166923;1774.5789000000004;13831.1673494607;6465.254200000003;39.46252120689916;39.75971220006963;62.7404059659131;Ni superalloys
TMS162;0.056;0.0;0.058;0.03;0.0;0.0;0.001;0.0;0.039;0.0;0.593;0.049;0.06;0.0;0.056;0.0;0.0;0.058;0.0;1099.0;528.3356500000002;0.17900445466007353;0.17942244733564874;2307.036;19081.800650810008;12253.364000000005;41.568891136013264;36.75586113178333;58.64059320349728;Ni superalloys
TMS196;0.056;0.0;0.056;0.046;0.0;0.0;0.001;0.0;0.024;0.0;0.597;0.064;0.05;0.0;0.056;0.0;0.0;0.05;0.0;1103.0;470.4628500000003;0.1816689072179899;0.18522727423265212;2196.3595000000005;18360.87585583804;10351.082000000006;41.37229141595163;35.85877150676382;58.26612530166711;Ni superalloys
TMS238;0.059;0.0;0.065;0.046;0.0;0.0;0.001;0.0;0.011;0.0;0.588;0.064;0.05;0.0;0.076;0.0;0.0;0.04;0.0;1121.0;475.96820000000025;0.18440036229370926;0.18365213701723102;2276.6645000000003;18476.273855838044;10364.059000000005;41.39220718845429;35.8218081525849;59.26315939138996;Ni superalloys
Al1 Co1 Fe1 Ni1;0.13459715639810427;0.0;0.293988525816912;0.0;0.0;0.2786230980294338;0.0;0.0;0.0;0.0;0.29279121975555;0.0;0.0;0.0;0.0;0.0;0.0;0.0;0.0;1285.8125;12.290697804938892;0.19756485710285665;0.09332862094179183;120.17720129708162;329.1837365926664;387.04548515839366;19.960940150530845;39.3066645024748;55.87291439524255;BCC-(R)HEAs & HESAs
Al0.875 Co1 Cr1 Fe1 Ni1;0.09477973705112662;0.0;0.2365930283211829;0.20877036267947585;0.0;0.22422739914709086;0.0;0.0;0.0;0.0;0.23562947280112376;0.0;0.0;0.0;0.0;0.0;0.0;0.0;0.0;1419.6346139767502;12.02052774946126;0.27440684748998256;0.10648541583610088;214.68300529252497;268.58015080808923;396.87538504996894;18.749817249263806;38.2210636823749;49.02498478984397;BCC-(R)HEAs & HESAs
Al1 Co0.8 Cr0.8 Fe0.8 Ni0.8;0.13011439287643461;0.0;0.227357780759266;0.20062115390262736;0.0;0.21547483548964882;0.0;0.0;0.0;0.0;0.2264318369720231;0.0;0.0;0.0;0.0;0.0;0.0;0.0;0.0;1365.3928535134999;11.611817837101016;0.26485370279723797;0.10321130475552115;214.0903470320287;258.36954795500435;420.78876923433705;18.709606887216985;38.6476773810784;48.44245988813211;BCC-(R)HEAs & HESAs
Al1 Co0.667 Cr0.667 Fe0.667 Ni0.667;0.15211270054597092;0.0;0.22160818981161984;0.19554769845926068;0.0;0.21002574921057132;0.0;0.0;0.0;0.0;0.22070566197257713;0.0;0.0;0.0;0.0;0.0;0.0;0.0;0.0;1333.43265919875;11.357367179815986;0.2588746873770038;0.10117294040153064;213.72137559441958;252.01272976030924;435.67653226529245;18.684573109608323;38.913274404196905;48.079797178853774;BCC-(R)HEAs & HESAs
Al1 Co0.5 Cr0.5 Fe0.5 Ni0.5;0.19310739673399502;0.0;0.21089360496059642;0.18609311824115074;0.0;0.19987116641862057;0.0;0.0;0.0;0.0;0.21003471364563725;0.0;0.0;0.0;0.0;0.0;0.0;0.0;0.0;1277.25000216725;10.88318854994402;0.2476680427947271;0.09737436968110852;213.03378306620928;240.1665534758078;463.4204538224266;18.637921697921467;39.408224717409624;47.40396120960876;BCC-(R)HEAs & HESAs
Al1 Co1 Cr1 Fe1 Ni1;0.10687264804911865;0.0;0.23343236284412758;0.20598138245197067;0.0;0.22123192711428008;0.0;0.0;0.0;0.0;0.23248167954050306;0.0;0.0;0.0;0.0;0.0;0.0;0.0;0.0;1400.65;11.880651119033475;0.2711444072983693;0.10536488606242098;214.48017429193905;265.0856803327391;405.0594870271341;18.73605567955068;38.367067693690345;48.8256218237706;BCC-(R)HEAs & HESAs
Al1 Co0.667 Cr0.667 Fe0.667 Mo0.333 Ni0.667;0.12889365867797603;0.0;0.1877811008081381;0.16569857868697066;0.0;0.17796664653206368;0.0;0.0;0.1526436771575764;0.0;0.18701633813727514;0.0;0.0;0.0;0.0;0.0;0.0;0.0;0.0;1440.2629360820001;13.638265598912952;0.3011435708163557;0.10720997520053288;198.27057261530163;897.0829662860363;423.97234448663346;24.284562600678697;39.880855680912795;48.97496512568223;BCC-(R)HEAs & HESAs
Al1 Co1 Cr1 Fe1 Mo0.5 Ni1;0.08980610801364733;0.0;0.1961554464508613;0.17308812515602895;0.0;0.18590330365315802;0.0;0.0;0.15969043854539403;0.0;0.19535657818091037;0.0;0.0;0.0;0.0;0.0;0.0;0.0;0.0;1511.2272745115;14.183283265374055;0.3127202767359335;0.11101120559684596;198.19491553632358;937.8478155945743;397.7042273445951;24.586346165227788;39.466541132782275;49.643013936514066;BCC-(R)HEAs & HESAs
Al0.5 Co1 Cr1 Fe1 Ni1 Ti1;0.04703134260711919;0.0;0.20545270717846806;0.18129205452707176;0.0;0.19471463933340305;0.0;0.0;0.0;0.0;0.20461597461911232;0.0;0.0;0.0;0.0;0.16689328173482548;0.0;0.0;0.0;1515.11363815175;12.64511862427222;0.24194453149370143;0.09567094957400384;277.4392148659485;249.50521214656754;327.38839207893164;18.332460664469014;38.80824865299859;48.94518215448171;BCC-(R)HEAs & HESAs
Al1 Co1 Cr1 Fe1 Ni1 Ti1;0.08983750665956315;0.0;0.19622402770378264;0.17314864144912093;0.0;0.18596830047948854;0.0;0.0;0.0;0.0;0.1954248801278636;0.0;0.0;0.0;0.0;0.15939664358018113;0.0;0.0;0.0;1443.87500343375;12.14673972762387;0.23218748532515643;0.09238903761663193;273.9382824986681;238.61218034096953;358.027995138519;18.304935715866872;39.27279887681449;48.27842608546997;BCC-(R)HEAs & HESAs
Al1 Co0.4 Cr0.4 Fe0.4 Ni0.4;0.23026764987027173;0.0;0.2011812098866585;0.17752287313942375;0.0;0.19066639355455414;0.0;0.0;0.0;0.0;0.2003618735490919;0.0;0.0;0.0;0.0;0.0;0.0;0.0;0.0;1229.7884630412502;10.453362266147758;0.23743705397009263;0.09393109865698583;212.41050457462796;229.42841048750503;488.56934487232013;18.595633830742333;39.85687980304573;46.79133962606151;BCC-(R)HEAs & HESAs
Al1 Co0.333 Cr0.333 Fe0.333 Ni0.333;0.2643503909654691;0.0;0.192273169203907;0.16966239264556532;0.0;0.1822239351779774;0.0;0.0;0.0;0.0;0.19149011200708133;0.0;0.0;0.0;0.0;0.0;0.0;0.0;0.0;1188.88035793275;10.059133037062193;0.2279927052493388;0.09077299006161671;211.83884432837323;219.5795715689066;511.63547252601165;18.556848130783592;40.268378483334615;46.22945371143119;BCC-(R)HEAs & HESAs
Al1 C0.1 Co1 Cr1 Fe1 Ni1;0.1063666218570063;0.0047348521941719185;0.23232709510872426;0.2050060910513094;0.0;0.22018442663876212;0.0;0.0;0.0;0.0;0.2313809131500259;0.0;0.0;0.0;0.0;0.0;0.0;0.0;0.0;1442.34313361575;11.824975643982018;0.2700182197114527;0.10491334742240134;214.50630985080429;264.0598835654469;404.38212150108654;18.75744685059456;38.598214508057424;48.8563980467244;BCC-(R)HEAs & HESAs
Al1 C0.2 Co1 Cr1 Fe1 Ni1;0.10586536500653165;0.009425077987438382;0.23123224461952965;0.20403999185840052;0.0;0.2191467989479167;0.0;0.0;0.0;0.0;0.23029052158018318;0.0;0.0;0.0;0.0;0.0;0.0;0.0;0.0;1482.432687979;11.769824915209506;0.268901818053884;0.10446606457401948;214.53219907971464;263.04375502345687;403.7111402050605;18.778636407958512;38.827182743245494;48.886884201053576;BCC-(R)HEAs & HESAs
Al1 C0.3 Co1 Cr1 Fe1 Ni1;0.10536881035038247;0.014071305672570367;0.2301476647126775;0.2030829554566304;0.0;0.21811890504332324;0.0;0.0;0.0;0.0;0.22921035876441614;0.0;0.0;0.0;0.0;0.0;0.0;0.0;0.0;1521.0094331712498;11.715191544840446;0.2677950762151323;0.1040229776002068;214.55784544673654;262.03715858832885;403.04645325581424;18.799627190151;39.05400307135718;48.91708437061912;BCC-(R)HEAs & HESAs
Al1 C0.4 Co1 Cr1 Fe1 Ni1;0.10487689209885949;0.01867415083924837;0.22907321168961414;0.20213485504598566;0.0;0.2171006087368904;0.0;0.0;0.0;0.0;0.22814028158940192;0.0;0.0;0.0;0.0;0.0;0.0;0.0;0.0;1558.1574055762499;11.661068294370548;0.26669787045263604;0.10358402779532358;214.58325234981777;261.0399608937236;402.3879725874039;18.820421978290344;39.278705544353514;48.94700255671285;BCC-(R)HEAs & HESAs
Al1 C0.5 Co1 Cr1 Fe1 Ni1;0.10438954556886111;0.023234218722795068;0.22800874426882822;0.20119556595925786;0.0;0.2160917761312414;0.0;0.0;0.0;0.0;0.22708014934901624;0.0;0.0;0.0;0.0;0.0;0.0;0.0;0.0;1593.9545473215;11.607448047048813;0.2656100788526352;0.10314915744117223;214.60842312975183;260.05203081655407;401.7356116151748;18.84102350671582;39.501319708714725;48.97664269332394;BCC-(R)HEAs & HESAs
Al0.667 C1 Co0.667 Cr0.667 Fe0.667 Ni0.667;0.09975744782450387;0.0665764379801336;0.21789126761667948;0.19226787571809492;0.0;0.2065030934395308;0.0;0.0;0.0;0.0;0.21700387742105748;0.0;0.0;0.0;0.0;0.0;0.0;0.0;0.0;1891.15749940675;11.097802012077116;0.25523202284488256;0.0990158316400037;214.84766462585299;250.6620210383885;395.53509596160245;19.036835495672197;41.61720749107574;49.25836422305171;BCC-(R)HEAs & HESAs
Al1 C1 Co1 Cr1 Fe1 Ni1;0.10201920895409515;0.04541329501625954;0.22283143008394465;0.19662708916282234;0.0;0.21118505634122361;0.0;0.0;0.0;0.0;0.22192392044165468;0.0;0.0;0.0;0.0;0.0;0.0;0.0;0.0;1755.0416707227498;11.346652026771539;0.2603082115905534;0.10103405235747626;214.73084776525758;255.24697591085607;398.56268433789614;18.941224398978697;40.584061602358034;49.120805207574655;BCC-(R)HEAs & HESAs
Al1 Co1 Cr1 Fe1 Mo0.1 Ni1;0.10295941538681626;0.0;0.22488503887120392;0.19843919941121;0.0;0.21313133244453997;0.0;0.0;0.03661584824307763;0.0;0.22396916564315217;0.0;0.0;0.0;0.0;0.0;0.0;0.0;0.0;1424.49999648575;12.408627809422935;0.2800192050020508;0.10665954578712114;210.7460837062628;419.3451117227641;403.3729798399945;20.07748444981848;38.61916890250279;49.01304384996031;BCC-(R)HEAs & HESAs
Al1 Co1 Cr1 Fe1 Mo0.2 Ni1;0.09932263296945376;0.0;0.21694154043328057;0.19142983374394348;0.0;0.20560300412690852;0.0;0.0;0.07064497060272068;0.0;0.21605801812369313;0.0;0.0;0.0;0.0;0.0;0.0;0.0;0.0;1447.432688399;12.89930559683973;0.2886150263472743;0.10786274430087546;207.27578787702473;562.7068885974137;401.80561592012594;21.32414801083044;38.8534604263463;49.18722545077325;BCC-(R)HEAs & HESAs
Al1 Co1 Cr1 Fe1 Mo0.3 Ni1;0.09593400528244031;0.0;0.20954006416954069;0.18489874998839495;0.0;0.19858836897792037;0.0;0.0;0.10235212625826332;0.0;0.2086866853234404;0.0;0.0;0.0;0.0;0.0;0.0;0.0;0.0;1469.49999883125;13.35650213626011;0.29692916922841717;0.10898384293389131;204.0422866169708;696.286418694568;400.34520059554205;22.48574586696492;39.0717651400785;49.349521823595865;BCC-(R)HEAs & HESAs
Al1 Co1 Cr1 Fe1 Mo0.4 Ni1;0.092768971564144;0.0;0.20262696420589346;0.1787986108723309;0.0;0.19203658494653233;0.0;0.0;0.1319671285630781;0.0;0.2018017398480212;0.0;0.0;0.0;0.0;0.0;0.0;0.0;0.0;1490.74999823625;13.783531186603858;0.3049628904114645;0.11003096740514251;201.02214352026962;821.0518859815012;398.9811487810748;23.57069727542331;39.27566531550155;49.50110929197114;BCC-(R)HEAs & HESAs
Al1 Co1 Cr1 Fe1 Nb0.1 Ni1;0.10307899795937321;0.0;0.22514623238494674;0.19866967731235757;0.0;0.21337887457490712;0.0;0.0;0.0;0.035496922355679424;0.22422929541273584;0.0;0.0;0.0;0.0;0.0;0.0;0.0;0.0;1421.57842787875;14.328850741182908;0.2625564991135477;0.10976160312961995;272.5360945562724;273.53942649801076;396.165396370653;18.86158899004179;38.29123115004952;47.65156956392665;BCC-(R)HEAs & HESAs
Al1 Co1 Cr1 Fe1 Nb0.25 Ni1;0.09786797970864905;0.0;0.21376427146889132;0.18862620255188103;0.0;0.20259179639466454;0.0;0.0;0.0;0.08425606088033895;0.21289368899557498;0.0;0.0;0.0;0.0;0.0;0.0;0.0;0.0;1451.4761875355;17.691736777225525;0.2506781589230982;0.11580100379611154;352.2826322977987;285.1516270204834;383.94833163402933;19.034023546884878;38.187060864536775;46.03887266025379;BCC-(R)HEAs & HESAs
Al1 Co1 Cr1 Fe1 Nb0.5 Ni1;0.09026279252605343;0.0;0.19715294157006408;0.17396831769291243;0.0;0.18684866429133;0.0;0.0;0.0;0.15541727304662015;0.19635001087301984;0.0;0.0;0.0;0.0;0.0;0.0;0.0;0.0;1497.6818199524998;22.599679245914253;0.23317237454960604;0.124615168385341;468.66820561716924;302.09897863702525;366.1182148174169;19.285682055537652;38.03503020909268;43.68523250182217;BCC-(R)HEAs & HESAs
Al1 Co1 Cr1 Fe1 Nb0.75 Ni1;0.08375435563453477;0.0;0.18293714520174703;0.16142425845054886;0.0;0.17337586220121454;0.0;0.0;0.0;0.21631626834921033;0.1821921101627445;0.0;0.0;0.0;0.0;0.0;0.0;0.0;0.0;1539.8695622877499;26.799843299438933;0.21803089461400826;0.1321582350585375;568.2697198002576;316.6023387551117;350.85939379393204;19.501048683926314;37.90492401935964;41.67101272409567;BCC-(R)HEAs & HESAs
Al1 Co0.5 Cr1 Fe1 Mo0.5 Ni1;0.09957189253026279;0.0;0.10874298789489224;0.19191024505462062;0.0;0.2061189843519339;0.0;0.0;0.17705565397106585;0.0;0.21660023619722468;0.0;0.0;0.0;0.0;0.0;0.0;0.0;0.0;1512.8500000000001;12.523134872305874;0.28932600915410456;0.1095584380965372;205.828120386773;946.4219626513138;377.60898287570126;24.875001409559008;38.257255251593;46.57006613117632;BCC-(R)HEAs & HESAs
Al0.667 Co1 Cr0.667 Fe0.667 Mo0.333 Ni0.667;0.08181363091456416;0.0;0.2679133343689301;0.1576837956841118;0.0;0.16935846132610854;0.0;0.0;0.14526035523127542;0.0;0.17797042247501;0.0;0.0;0.0;0.0;0.0;0.0;0.0;0.0;1509.73850493875;15.542662789108762;0.33346347070723414;0.1121966076868074;191.9511570452975;930.0412604579657;414.1992498802541;24.342812609932054;40.45740400692406;52.163189817171876;BCC-(R)HEAs & HESAs
Al1 Co1 Cr1 Fe0.6 Mo0.5 Ni1;0.09702069498609328;0.0;0.21191362325909846;0.1869931852956579;0.0;0.12050272424158419;0.0;0.0;0.17251919442906305;0.0;0.21105057778850309;0.0;0.0;0.0;0.0;0.0;0.0;0.0;0.0;1509.3627438797498;15.26827238447516;0.3331486844156588;0.11182702420902038;212.1567558632248;1012.4669461984342;425.8580198159028;26.382861358694743;40.00677117981831;50.90320283283237;BCC-(R)HEAs & HESAs
Al0.667 Co0.667 Cr0.667 Fe1 Mo0.333 Ni0.667;0.08219690397897648;0.0;0.17953534290144862;0.1584224984027716;0.0;0.2551002348323014;0.0;0.0;0.14594085774491222;0.0;0.17880416213958966;0.0;0.0;0.0;0.0;0.0;0.0;0.0;0.0;1513.06767265875;13.033333742596165;0.29063941223343615;0.11014202809571767;183.45009761551552;858.1679464815521;367.9421902930619;22.679920586010574;38.89402070190299;48.30951642901781;BCC-(R)HEAs & HESAs
Al0.5 Co0.5 Cr0.5 Fe1 Mo0.25 Ni0.5;0.0757280190863799;0.0;0.16540593642551402;0.14595466984772998;0.0;0.31352185811522;0.0;0.0;0.13465721703740088;0.0;0.16473229948775525;0.0;0.0;0.0;0.0;0.0;0.0;0.0;0.0;1514.8846171725;12.066104133043297;0.27172772799220923;0.1094192687998037;170.95066311136063;792.2407690688372;342.7666970738895;21.08074007979407;38.41237039266332;47.183961025003;BCC-(R)HEAs & HESAs
Al1 Co1 Cr1 Fe1 Ni1 Si1;0.0961716689242176;0.0;0.21005917159763315;0.18535681186283595;0.0;0.1990803450488344;0.0;0.0;0.0;0.0;0.20920367861980466;0.0;0.0;0.10012832394667427;0.0;0.0;0.0;0.0;0.0;1402.2083366837498;10.861279585798819;0.2477900588413937;0.10520967849464716;205.2202894417909;238.84348043059808;366.94969701290375;17.90146845872373;42.64924663347955;47.154709664357874;BCC-(R)HEAs & HESAs
Al1 Co1 Cr1 Fe1 Ni1 Si0.2;0.10454608865147302;0.0;0.22835066731769108;0.20149727983234236;0.0;0.21641582843531387;0.0;0.0;0.0;0.0;0.22742067987231102;0.0;0.0;0.0217694558908688;0.0;0.0;0.0;0.0;0.0;1401.0096120330002;11.659023883557355;0.266095123677222;0.10533114152174157;212.46693121691087;259.3802176751072;396.7738255876508;18.554603429330747;39.298080037372394;48.46233951644641;BCC-(R)HEAs & HESAs
Al1 Co1 Cr1 Fe1 Ni1 Si0.4;0.10231866689926655;0.0;0.22348550927997693;0.19720425051007637;0.0;0.21180494982668782;0.0;0.0;0.0;0.0;0.22257533581608427;0.0;0.0;0.042611287667908046;0.0;0.0;0.0;0.0;0.0;1401.34259091825;11.44684046555373;0.26124623938940705;0.10529883487872024;210.53947498160696;253.91787201444131;388.84122668628595;18.38088308952953;40.189420764795315;48.114537128789976;BCC-(R)HEAs & HESAs
Al1 Co1 Cr1 Fe1 Ni1 Si0.6;0.10018417849829096;0.0;0.2188233372462671;0.19309033661642439;0.0;0.20738644807744813;0.0;0.0;0.0;0.0;0.2179321510772682;0.0;0.0;0.06258354848430123;0.0;0.0;0.0;0.0;0.0;1401.65178906025;11.243509846123688;0.25658613264027985;0.10526787614594543;208.69243682030285;248.68342845059402;381.2395947421864;18.214410776887387;41.04357262989078;47.78124588677492;BCC-(R)HEAs & HESAs
Al1 Co1 Cr1 Fe1 Ni1 Si0.8;0.09813692613321401;0.0;0.21435170708044113;0.1891445574101975;0.0;0.20314852944922174;0.0;0.0;0.0;0.0;0.21347873220008637;0.0;0.0;0.08173954772683913;0.0;0.0;0.0;0.0;0.0;1401.93965349425;11.04848930099894;0.2521040564188557;0.10523818268925383;206.92088667161667;243.66291535666;373.9486396969919;18.054742148273295;41.86281551036385;47.461576178959724;BCC-(R)HEAs & HESAs
Al1 Co1 Cr1 Fe1 Ni1 Ti0.5;0.09761745391392442;0.0;0.21321707039094018;0.1881433507607142;0.0;0.20207319499972864;0.0;0.0;0.0;0.0;0.21234871646435224;0.0;0.0;0.0;0.0;0.08660021347034029;0.0;0.0;0.0;1424.2272744245;12.02521708848165;0.2501047071225566;0.09831510621684438;246.78377082692623;250.70262496155718;379.50727246413516;18.501828157265606;38.85915154215507;48.52833032074683;BCC-(R)HEAs & HESAs
Al0.667 Co0.667 Cr0.667 Fe0.667 Ni0.667 Ti1;0.08321532799030443;0.0;0.18175979534724387;0.16038536158249928;0.0;0.1722600470073574;0.0;0.0;0.0;0.0;0.18101955521686308;0.0;0.0;0.0;0.0;0.22135991285573203;0.0;0.0;0.0;1460.47699283775;12.250178041850042;0.21677025421891394;0.08734485366604129;297.0518104041358;228.32096860769897;339.7451446915507;18.13734371518357;39.62488951015932;48.065711211949434;BCC-(R)HEAs & HESAs
Al1 Co1 Fe1 Ni1 Ti1 V1 Zr1;0.06909444785904527;0.0;0.15091682032370415;0.0;0.0;0.14302909239909853;0.0;0.0;0.0;0.0;0.15030219217373486;0.0;0.0;0.0;0.0;0.12259270641262035;0.13045482483097723;0.0;0.23360991600081948;1504.32143034875;70.53018048299535;0.3657085748141212;0.08356351721839786;994.466925322679;419.5206156525301;361.1316008502356;16.246232279275755;41.51397826246198;46.87415311820055;BCC-(R)HEAs & HESAs
Al1 Fe1 Ni1 Ti1 V1 Zr1;0.08137535816618911;0.0;0.0;0.0;0.0;0.16845121399487256;0.0;0.0;0.0;0.0;0.17701704117026087;0.0;0.0;0.0;0.0;0.1443824460865631;0.15364198461770473;0.0;0.2751319559644096;1505.87500355775;77.83180930478066;0.3471664316638722;0.07631038484044796;1148.4735484843907;341.40714824310066;321.78537927914346;15.235661139806057;39.9013082739774;41.35926594374166;BCC-(R)HEAs & HESAs
Fe1 Mo1 Ni1 Ti1 V1 Zr1;0.0;0.0;0.0;0.0;0.0;0.13944372315989215;0.0;0.0;0.2395635673624289;0.0;0.1465345051433137;0.0;0.0;0.0;0.0;0.11951962448816539;0.1271846599420753;0.0;0.22775391990412466;1832.00000421;70.6251931863578;0.40416864171182343;0.0953587970197951;964.217192649555;1354.9105662638574;284.3745193748128;24.683356207119978;40.560130640753265;44.86305912150094;BCC-(R)HEAs & HESAs
Al1 Co0.8 Cr0.8 Fe0.8 Mn0.8 Ni0.8;0.10735830136724658;0.0;0.1875945055469782;0.16553392649656995;0.0;0.17778980374679676;0.0;0.17489296003310678;0.0;0.0;0.18683050280930172;0.0;0.0;0.0;0.0;0.0;0.0;0.0;0.0;1345.9700000000003;9.86344477692712;0.3004756912017178;0.10724529346066493;186.90492463431332;228.44937131776183;389.7822114695911;16.49443085154259;35.796603878987554;47.70714574611762;BCC-(R)HEAs & HESAs
Al0.333 Cr0.667 Fe1 Mn0.667 Ni0.333;0.05770026277797001;0.0;0.0;0.22275157787780717;0.0;0.3586863000428596;0.0;0.23534560939628318;0.0;0.0;0.12551624990508006;0.0;0.0;0.0;0.0;0.0;0.0;0.0;0.0;1436.360081514;4.393824348352437;0.2710554026510995;0.11198768079714172;183.77779388386375;59.56456878201083;266.8163275207586;10.869025916188187;31.306652702056258;37.49396489482863;BCC-(R)HEAs & HESAs
Al1 Cr1 Fe1 Mo1 Ni1;0.09320482260683319;0.0;0.0;0.17963864994645384;0.0;0.19293881922133554;0.0;0.0;0.33146785504542786;0.0;0.20274985317994954;0.0;0.0;0.0;0.0;0.0;0.0;0.0;0.0;1625.0500000000002;13.083452084844712;0.3189960768502622;0.11321568137222253;198.28256814177638;1540.6228970186894;353.66909351573565;30.228844120515593;38.16148660196618;44.602970975908335;BCC-(R)HEAs & HESAs
Al1 Cr1 Fe1 Mo0.8 Ni1;0.09982240629131077;0.0;0.0;0.19239307365263753;0.0;0.2066375608365347;0.0;0.0;0.28400177666810744;0.0;0.21714518255140952;0.0;0.0;0.0;0.0;0.0;0.0;0.0;0.0;1583.71874876325;12.145071329404747;0.2985363408112883;0.11126266432206763;204.37316847199997;1332.067821774953;353.29059679435295;28.44372206175928;37.65805008343963;43.93973774668582;BCC-(R)HEAs & HESAs
Al1 Co0.357 Cr0.357 Cu0.357 Fe0.357;0.24705192813001198;0.0;0.19264199138322577;0.1699878423880492;0.20774475738001014;0.18257348071870289;0.0;0.0;0.0;0.0;0.0;0.0;0.0;0.0;0.0;0.0;0.0;0.0;0.0;1150.4045273590998;9.17727398890141;0.27983504836796225;0.09199484742867894;188.90974107423972;278.4848371204993;515.8189462863173;20.95217951719728;39.20627261185186;42.36664273312595;BCC-(R)HEAs & HESAs
Al1 Co0.333 Cr0.333 Cu0.333 Fe0.333;0.2602240422074572;0.0;0.1892719020219448;0.1670140659280694;0.2041104594178617;0.17937953042466684;0.0;0.0;0.0;0.0;0.0;0.0;0.0;0.0;0.0;0.0;0.0;0.0;0.0;1136.27435463555;9.043842047396833;0.27557963526610196;0.09078098420939504;189.0950076336365;273.73546677419296;524.4554291997273;20.89563015053868;39.38023324942096;42.222053294527946;BCC-(R)HEAs & HESAs
Al0.417 Co0.833 Cr0.833 Cu0.833 Fe0.833 Ni0.833 V1;0.03713771555250341;0.0;0.1620386545526187;0.1429833707235054;0.1747421771053609;0.15356963951745728;0.0;0.0;0.0;0.0;0.16137873130312563;0.0;0.0;0.0;0.0;0.0;0.16814971124542868;0.0;0.0;1498.47994622195;73.97570085792802;0.31855127160154595;0.10658956593501671;776.4776233714771;497.874279891726;407.4261838278542;25.290259917733085;44.203919329065194;46.83294703455292;BCC-(R)HEAs & HESAs
Al0.357 Co0.714 Cr0.714 Cu0.714 Fe0.714 Ni0.714 V1;0.03608355289740976;0.0;0.15762815213079;0.13909153081284711;0.1699858996760853;0.14938965376725985;0.0;0.0;0.0;0.0;0.15698619121934612;0.0;0.0;0.0;0.0;0.0;0.19083501949626183;0.0;0.0;1510.2528196782498;82.45802816213359;0.3238495080043764;0.10675902186584615;856.6130440806531;520.7173873553448;413.97229316743267;25.395339710048237;45.40155205858134;46.62496333171523;BCC-(R)HEAs & HESAs
Al0.312 Co0.625 Cr0.625 Cu0.625 Fe0.625 Ni0.625 V1;0.035074692613193695;0.0;0.15346657267924407;0.1354193412408059;0.1654980603048695;0.14544558092882712;0.0;0.0;0.0;0.0;0.15284156033505572;0.0;0.0;0.0;0.0;0.0;0.21225419189800418;0.0;0.0;1521.3540664057;90.46706641907707;0.32898275388229437;0.10692019222511685;932.2756229261511;542.2901083544544;420.14382494384836;25.49465092305838;46.5321453854462;46.42879008750785;BCC-(R)HEAs & HESAs
Al0.278 Co0.556 Cr0.556 Cu0.556 Fe0.556 Ni0.556 V1;0.03422739811803096;0.0;0.14951968542433033;0.13193659667512606;0.16124174459046653;0.14170497931357287;0.0;0.0;0.0;0.0;0.14891074728582976;0.0;0.0;0.0;0.0;0.0;0.23245884859264343;0.0;0.0;1531.6153518987003;98.02093020528729;0.3339151060377553;0.10706318414810423;1003.6498202815762;562.6044697878461;426.03650943275755;25.587588815642302;47.60014204279627;46.24218065679586;BCC-(R)HEAs & HESAs
Al0.25 Co0.5 Cr0.5 Cu0.5 Fe0.5 Ni0.5 V1;0.033358886434024466;0.0;0.145725660697796;0.12858873844027474;0.15715027553614347;0.13810925080556433;0.0;0.0;0.0;0.0;0.145132174212687;0.0;0.0;0.0;0.0;0.0;0.25193501387351;0.0;0.0;1541.56333143855;105.30295252444698;0.33878797226709656;0.10720550443461792;1072.4496548412806;582.2038137179692;431.68146502459587;25.67754390795079;48.62888213663084;46.063073190328126;BCC-(R)HEAs & HESAs
Al1 Co1 Cr1 Cu1 Ni1 Ti1;0.08759171482371277;0.0;0.19131874553600417;0.1688202064800987;0.20631777157327447;0.0;0.0;0.0;0.0;0.0;0.19053957535224986;0.0;0.0;0.0;0.0;0.1554119862346601;0.0;0.0;0.0;1368.8083366169499;12.95815369131875;0.27724290257528983;0.08990616755771826;274.83882540094805;336.85640542821886;404.9848386468412;26.939742277011483;37.75134893689982;49.90561556117126;BCC-(R)HEAs & HESAs
Al1 Cr1 Cu1 Fe1 Ni1 Ti1;0.0884764215911327;0.0;0.0;0.1705253492490326;0.20840165278415426;0.18315078376073982;0.0;0.0;0.0;0.0;0.19246409129664852;0.0;0.0;0.0;0.0;0.15698170131829212;0.0;0.0;0.0;1375.4750032969498;7.521874385124943;0.1826785600470373;0.08525130245870179;257.3475273824359;175.9044074244113;305.1604168033056;23.38073624941383;34.3533241545384;41.574199093297935;BCC-(R)HEAs & HESAs
Al0.214 Nb0.714 Ta0.571 Ti1 V0.143 Zr0.929;0.01830998848133849;0.0;0.0;0.0;0.0;0.0;0.0;0.0;0.0;0.21037446549393163;0.0;0.0;0.0;0.0;0.32766273369989235;0.15180839256942608;0.023100816392893464;0.0;0.26874360336251785;2027.88364415675;142.93392691816805;0.35661993829927474;0.08990180324611086;2430.7776014136207;3157.0409478589368;369.1947364349058;26.954583784591904;42.01472730844827;52.818770607430004;BCC-(R)HEAs & HESAs
Al0.214 Nb0.714 Ta0.714 Ti1 Zr0.929;0.017290565669525467;0.0;0.0;0.0;0.0;0.0;0.0;0.0;0.0;0.19866170393943566;0.0;0.0;0.0;0.0;0.3869102930560853;0.14335634255488525;0.0;0.0;0.25378109478006816;2071.69266082675;150.40563450104372;0.34855376965554186;0.0858195694345295;2552.646463175743;3645.3771148244196;384.74527364184627;29.20984770972443;42.40332509473593;56.694818895779726;BCC-(R)HEAs & HESAs
Al0.4 Hf0.6 Nb1 Ta1 Ti1 Zr1;0.020330196143441667;0.0;0.0;0.0;0.0;0.0;0.20174592529519478;0.0;0.0;0.1750258083475876;0.0;0.0;0.0;0.0;0.34087740846513803;0.09017851087718241;0.0;0.0;0.1718421508714556;2109.86;310.86866866602867;0.3755984036006522;0.12251254195050049;2373.906505964177;3937.298875695452;1966.0803411976592;34.373543926763105;35.23655082168402;47.02065637287056;BCC-(R)HEAs & HESAs
Al0.333 Nb0.667 Ta0.533 Ti1 V0.133 Zr0.667;0.03175908181895037;0.0;0.0;0.0;0.0;0.0;0.0;0.0;0.0;0.21906351569510776;0.0;0.0;0.0;0.0;0.3409318356650862;0.1692174657969241;0.023949273107585253;0.0;0.21507882791634625;1978.1362890657501;145.46658020973464;0.31404353696970844;0.08915013660986915;2434.43462723262;3268.3115302209226;380.3996436388171;28.3885486587398;43.60916638188711;53.82489564870687;BCC-(R)HEAs & HESAs
Al1 Mo0.5 Nb1 Ta0.5 Ti1 Zr1;0.06788616863347005;0.0;0.0;0.0;0.0;0.0;0.0;0.0;0.12071308154895202;0.23377701733638628;0.0;0.0;0.0;0.0;0.22765015222806528;0.12044888408021538;0.0;0.0;0.22952469617291094;1883.9499999999998;105.93425760511286;0.34518413271695636;0.1026314055770425;1893.6023890999666;2770.2763264449086;372.1001874543945;28.15551964051494;40.59706678476364;47.89811732470493;BCC-(R)HEAs & HESAs
Al0.667 Nb1 Ta0.333 Ti1 Zr0.333;0.0721534213755266;0.0;0.0;0.0;0.0;0.0;0.0;0.0;0.0;0.3725217291298944;0.0;0.0;0.0;0.0;0.24159724134410482;0.19193429311643573;0.0;0.0;0.12179331503403838;1852.3191569179999;113.55276802212121;0.19536751501029426;0.11155678886064378;2066.9803993324467;2401.7964947293676;341.73612757550035;26.465972202530704;42.310608468084986;44.876958329402775;BCC-(R)HEAs & HESAs
Al0.3 Hf1 Nb1 Ta1 Ti1 Zr1;0.013500485494620415;0.0;0.0;0.0;0.0;0.0;0.297714558271448;0.0;0.0;0.15497036029469566;0.0;0.0;0.0;0.0;0.3018177450793798;0.07984534654296718;0.0;0.0;0.1521515043168888;2146.0518836305;382.41784231214405;0.406142386419275;0.1388572588060035;2235.857770959455;3924.9225021516672;2704.42055476223;35.77351043450975;31.096849042358144;41.598386548368296;BCC-(R)HEAs & HESAs
Al0.5 Hf1 Nb1 Ta1 Ti1 Zr1;0.022300100838113502;0.0;0.0;0.0;0.0;0.0;0.29505893243846393;0.0;0.0;0.15358801844841552;0.0;0.0;0.0;0.0;0.299125518655051;0.07913312284065925;0.0;0.0;0.15079430677929678;2092.0227296377498;379.02048584133684;0.40314388396266276;0.13782030769443762;2217.693377746185;3889.9744758651705;2689.301795249038;35.612469619384;31.257886187639105;41.53151473934635;BCC-(R)HEAs & HESAs
Al0.75 Hf1 Nb1 Ta1 Ti1 Zr1;0.03308129335431757;0.0;0.0;0.0;0.0;0.0;0.29180528870077754;0.0;0.0;0.15189438833093866;0.0;0.0;0.0;0.0;0.29582703227298834;0.07826051414704588;0.0;0.0;0.14913148319393202;2029.7717334977501;374.85808183523125;0.3994576199639691;0.13654984652911517;2195.438561765267;3847.156536131623;2670.7784563807722;35.41516417328617;31.4551871374832;41.44958413001514;BCC-(R)HEAs & HESAs
Al1 Hf1 Nb1 Ta1 Ti1 Zr1;0.04362730830180137;0.0;0.0;0.0;0.0;0.0;0.2886226189321173;0.0;0.0;0.15023770253225963;0.0;0.0;0.0;0.0;0.29260049804340094;0.07740694026713237;0.0;0.0;0.14750493192328837;1972.7083378247503;370.7864752110215;0.395838395418997;0.13530709880713998;2173.669205394392;3805.272613571873;2652.659179845414;35.222162686610154;31.64818422598536;41.36944072942521;BCC-(R)HEAs & HESAs
Hf1 Nb1 Ta1 Ti1 Zr1;0.0;0.0;0.0;0.0;0.0;0.0;0.30178885432165564;0.0;0.0;0.15709116732043826;0.0;0.0;0.0;0.0;0.3059481942377925;0.08093804950628973;0.0;0.0;0.1542337346138239;2235.2;387.6301112538887;0.41072488613190083;0.1404481628278114;2263.7258217232516;3978.5402233280092;2727.6159542810788;36.02058136929269;30.849783737899337;41.7009821565238;BCC-(R)HEAs & HESAs
Al0.25 Mo1 Nb1 Ti1 V1;0.022909837963354378;0.0;0.0;0.0;0.0;0.0;0.0;0.0;0.32590051464322367;0.3155749537832403;0.0;0.0;0.0;0.0;0.0;0.16259361788401372;0.17302107572616793;0.0;0.0;2073.42647364125;102.93718647423808;0.30368799918200085;0.14210798136851915;1363.3450318996177;1865.432724302596;318.9715621160956;33.127280494569206;49.71975447546276;37.49245730894476;BCC-(R)HEAs & HESAs
Al0.5 Mo1 Nb1 Ti1 V1;0.04479346526763182;0.0;0.0;0.0;0.0;0.0;0.0;0.0;0.3186014078894939;0.3085071058573515;0.0;0.0;0.0;0.0;0.0;0.1589520520653473;0.1691459689201753;0.0;0.0;1994.91666439875;100.66644474697841;0.29757861563382226;0.13943156456076172;1337.278705671403;1823.8099031046622;334.43714304688535;32.782200779734964;49.706999643489794;37.41651275311375;BCC-(R)HEAs & HESAs
Al0.75 Mo1 Nb1 Ti1 V1;0.0657183222097725;0.0;0.0;0.0;0.0;0.0;0.0;0.0;0.3116220912294377;0.3017489160617723;0.0;0.0;0.0;0.0;0.0;0.15547003134083562;0.1654406391581819;0.0;0.0;1924.67105482925;98.49518926292208;0.2917167176734228;0.13687240752334873;1312.3544031438262;1784.0106702359499;349.22514249525017;32.452239774361345;49.694803629061106;37.343895497107596;BCC-(R)HEAs & HESAs
Al1 Mo1 Nb1 Ti1 V1;0.08574606705863659;0.0;0.0;0.0;0.0;0.0;0.0;0.0;0.30494199904655966;0.29528047036389643;0.0;0.0;0.0;0.0;0.0;0.15213729540759574;0.16189416812331162;0.0;0.0;1861.4500000000003;96.4170220880344;0.2860876664653905;0.13442296931140751;1288.498681074209;1745.9177512124586;363.3791355474337;32.13642519823446;49.68313049476794;37.274391563152996;BCC-(R)HEAs & HESAs
Mo1 Nb1 Ti1 V1;0.0;0.0;0.0;0.0;0.0;0.0;0.0;0.0;0.3335419056557861;0.32297424131817704;0.0;0.0;0.0;0.0;0.0;0.16640595126360064;0.1770779017624361;0.0;0.0;2161.75;105.31441234748155;0.3100607481203058;0.14490990604652423;1390.6337122397183;1909.0074057739773;302.78073834602145;33.488542375032125;49.733107432433144;37.57196320822258;BCC-(R)HEAs & HESAs
Al0.25 Nb1 Ta1 Ti1 V1;0.017777367641465737;0.0;0.0;0.0;0.0;0.0;0.0;0.0;0.0;0.24487698170615138;0.0;0.0;0.0;0.0;0.47691841394605633;0.12616791641667707;0.13425932028964968;0.0;0.0;2162.60294436325;219.87768475816017;0.22878363368907018;0.0954930000672326;3111.2149036462333;4581.5952866419975;466.0069777653499;38.73069549185681;55.759569831899526;62.66606052771648;BCC-(R)HEAs & HESAs
Al0.5 Nb1 Ta1 Ti1 V1;0.0349337062357572;0.0;0.0;0.0;0.0;0.0;0.0;0.0;0.0;0.24059975139838408;0.0;0.0;0.0;0.0;0.4685881499896416;0.12396415993370624;0.13191423244251088;0.0;0.0;2079.13888653675;216.06418712450812;0.2251579866178257;0.09421992249763837;3060.3564066708095;4501.691502017299;475.50009063600584;38.36369932084622;55.64412597411409;62.167128951199096;BCC-(R)HEAs & HESAs
Al1 Nb1 Ta1 Ti1 V1;0.06750907043663205;0.0;0.0;0.0;0.0;0.0;0.0;0.0;0.0;0.23247841861628923;0.0;0.0;0.0;0.0;0.4527711747779306;0.11977980733141498;0.127461528837733;0.0;0.0;1937.25;208.82336044038544;0.21825454220842244;0.0918026838043373;2963.7895283372936;4349.975279416989;493.5250093832103;37.66687034039151;55.42492852172961;61.21978941677315;BCC-(R)HEAs & HESAs
Nb1 Ta1 Ti1 V1;0.0;0.0;0.0;0.0;0.0;0.0;0.0;0.0;0.0;0.24930904016958702;0.0;0.0;0.0;0.0;0.48555021869214043;0.12845144497813077;0.13668929616014167;0.0;0.0;2256.5;223.82922424665267;0.23253312179766517;0.09681216078829169;3163.9143880645065;4664.391446639117;456.17023103550054;39.11097627375019;55.879192552710315;63.183052542937965;BCC-(R)HEAs & HESAs
Al1 Nb1 Ti1 V1;0.12336534064929128;0.0;0.0;0.0;0.0;0.0;0.0;0.0;0.0;0.42482853223593964;0.0;0.0;0.0;0.0;0.0;0.2188843164151806;0.23292181069958848;0.0;0.0;1672.5625;127.17938271604949;0.14935962070465802;0.1316590552532502;1804.4432327389109;547.2744417878379;365.3003886602653;21.94263652424553;51.62715248784069;29.96085432287785;BCC-(R)HEAs & HESAs
Cr1 Mo0.5 Nb1 Ta0.5 Ti1 Zr1;0.0;0.0;0.0;0.12309149011717364;0.0;0.0;0.0;0.0;0.11356373535329627;0.21993135282281928;0.0;0.0;0.0;0.0;0.21416735708367854;0.11331518522902119;0.0;0.0;0.21593087939401115;2123.9;100.82905195881173;0.3809087340550765;0.11378976995083269;1839.8577050538522;2607.972684149604;343.99684578056576;27.081353462562507;39.33048549397321;45.549510375204875;BCC-(R)HEAs & HESAs
Cr1 Nb1 Ti1 V1 Zr1;0.0;0.0;0.0;0.15525168686929003;0.0;0.0;0.0;0.0;0.0;0.2773929659043411;0.0;0.0;0.0;0.0;0.0;0.14292112020063294;0.1520869409446468;0.0;0.27234728608108916;1943.0;98.89630381560883;0.407666211178754;0.12871340059072725;1690.360736251268;434.47053328655926;305.905520391712;15.348254037684887;40.31853944858656;28.940731298279214;BCC-(R)HEAs & HESAs
Cr1 Nb1 Ti1 Zr1;0.0;0.0;0.0;0.18309859154929578;0.0;0.0;0.0;0.0;0.0;0.3271478873239437;0.0;0.0;0.0;0.0;0.0;0.168556338028169;0.0;0.0;0.3211971830985915;1953.25;47.5789718309859;0.4028681037541154;0.13159069986442323;1327.20889084507;272.9459873908456;244.45565140845076;12.875799007151608;31.740623236182234;27.10349093499628;BCC-(R)HEAs & HESAs
Nb0.5 Ti0.5 V1 Zr0.5;0.0;0.0;0.0;0.0;0.0;0.0;0.0;0.0;0.0;0.27827363124475857;0.0;0.0;0.0;0.0;0.0;0.14337486522103748;0.3051395711033904;0.0;0.27321193243081343;1951.4;156.3454774170362;0.40945229701344577;0.12267620284995859;2172.5036689828667;636.7271487330781;331.91741044686717;17.6590831843915;48.48299049656271;31.637483879441163;BCC-(R)HEAs & HESAs
Nb1 Ti1 V1 Zr1;0.0;0.0;0.0;0.0;0.0;0.0;0.0;0.0;0.0;0.32837350675054783;0.0;0.0;0.0;0.0;0.0;0.1691878136707429;0.18003817063688413;0.0;0.32240050894182515;1963.75;115.17893546334919;0.3973341724416999;0.12447735553538623;1894.7954513324369;511.01138198558044;274.9204601682336;15.593402856625131;41.34285100430667;30.278878921895533;BCC-(R)HEAs & HESAs
Hf0.5 Mo0.5 Nb1 Si0.1 Ti1 Zr1;0.0;0.0;0.0;0.0;0.0;0.0;0.23988721370694413;0.0;0.1289550011495394;0.24973859526171438;0.0;0.0;0.0;0.007550486674915188;0.0;0.128672764559017;0.0;0.0;0.24519593864786984;2077.07317336;254.1840716411216;0.43394623224329587;0.15958064167399208;1219.4779781624413;1667.2769416470007;2117.0526004162584;26.004137289735826;26.061708566364125;25.101762276701322;BCC-(R)HEAs & HESAs
Hf0.5 Mo0.5 Nb1 Si0.3 Ti1 Zr1;0.0;0.0;0.0;0.0;0.0;0.0;0.23631857263529168;0.0;0.12703662414900688;0.24602340280738358;0.0;0.0;0.0;0.022314489457085585;0.0;0.12675858672252127;0.0;0.0;0.2415483242287109;2046.0465162659998;250.42803570530134;0.4287683134788468;0.158751050727518;1203.1515383413607;1642.5186114335845;2085.9223564598697;25.77201810170416;26.880981613130658;25.206434382026597;BCC-(R)HEAs & HESAs
Hf0.5 Mo0.5 Nb1 Si0.5 Ti1 Zr1;0.0;0.0;0.0;0.0;0.0;0.0;0.23285455233324204;0.0;0.1251744876260551;0.24241712653125125;0.0;0.0;0.0;0.03664566292252098;0.0;0.12490052574589385;0.0;0.0;0.2380076448410369;2017.7777754869999;246.78211420296648;0.4237162135466713;0.15794578058988176;1187.303732404472;1618.486112877667;2055.7047480203005;25.546703876106164;27.67623640434373;25.308037856404354;BCC-(R)HEAs & HESAs
Hf0.5 Mo0.5 Nb1 Si0.7 Ti1 Zr1;0.0;0.0;0.0;0.0;0.0;0.0;0.2294906186910083;0.0;0.12336615420136841;0.23891504602351177;0.0;0.0;0.0;0.050562765613115276;0.0;0.1230961495333711;0.0;0.0;0.2345692659376251;1991.914891724;243.2415349176303;0.41878554832408077;0.15716377722478966;1171.9138165739494;1595.1479893890946;2026.3602227605495;25.327899695116127;28.448513873681303;25.40670569113738;BCC-(R)HEAs & HESAs
Hf0.5 Mo0.5 Nb1 Si0.9 Ti1 Zr1;0.0;0.0;0.0;0.0;0.0;0.0;0.2262224930649169;0.0;0.12160932382530548;0.23551271145331676;0.0;0.0;0.0;0.06408348762845718;0.0;0.12134316539952936;0.0;0.0;0.23122881862847436;1968.1632652430003;239.80179513974664;0.4139721248907061;0.15640404625174043;1156.96223166974;1572.4745605119135;1997.8514587892064;25.115327283099102;29.198795728219142;25.50256334041162;BCC-(R)HEAs & HESAs
Hf0.5 Mo0.5 Nb1 Ti1 Zr1;0.0;0.0;0.0;0.0;0.0;0.0;0.24171225827419965;0.0;0.12993608146904284;0.2516385894588592;0.0;0.0;0.0;0.0;0.0;0.12965169817453007;0.0;0.0;0.24706137262336816;2093.75;256.10495233194285;0.4365837984348724;0.1600049042266561;1227.827514760847;1679.9386410596908;2132.9729700449607;26.12284575191467;25.642722604053642;25.048231729377544;BCC-(R)HEAs & HESAs
C0.1 Hf0.5 Mo0.5 Nb1 Ti1 Zr1;0.0;0.0032422567918234503;0.0;0.0;0.0;0.0;0.2409285656838334;0.0;0.12951479566005833;0.2508227121509082;0.0;0.0;0.0;0.0;0.0;0.12923133387863495;0.0;0.0;0.2462603358347416;2128.707319908;255.27499038016884;0.43543654654931907;0.15951854989169495;1224.5598784697108;1674.6488991065373;2126.906800207422;26.113543822249685;25.8422592242542;25.146398578042273;BCC-(R)HEAs & HESAs
C0.3 Hf0.5 Mo0.5 Nb1 Ti1 Zr1;0.0;0.009664103341263816;0.0;0.0;0.0;0.0;0.23937632603138756;0.0;0.12868036574996713;0.24920672812567893;0.0;0.0;0.0;0.0;0.0;0.12839873076500108;0.0;0.0;0.24467374598670144;2193.74419098;253.63110662700515;0.43316016685475345;0.1585552413305133;1218.087765508029;1664.1716461346925;2114.891693913735;26.09511964926342;26.237475819611266;25.340834910550235;BCC-(R)HEAs & HESAs
Hf1 Mo0.25 Nb1 Ta1 Ti1 Zr1;0.0;0.0;0.0;0.0;0.0;0.0;0.2900260386917249;0.0;0.038976971685619616;0.1509682293397286;0.0;0.0;0.0;0.0;0.2940232601337196;0.07778332944239379;0.0;0.0;0.1482221707068135;2253.38094751;373.54655773838414;0.41285565584208017;0.14045886704840843;2179.8775537805705;3998.0076529014596;2635.294477296958;36.774811890809765;31.411142316034425;42.1781867171212;BCC-(R)HEAs & HESAs
Hf1 Mo0.5 Nb1 Ta1 Ti1 Zr1;0.0;0.0;0.0;0.0;0.0;0.0;0.279145781691077;0.0;0.07502951916986621;0.14530469257055276;0.0;0.0;0.0;0.0;0.28299304833324207;0.074865306569286;0.0;0.0;0.14266165166597594;2269.909093452;360.5196867449151;0.4152899792718191;0.14046876813627307;2102.3203826935555;4016.014450216397;2549.8998381332954;37.47245284430371;31.930382419066127;42.61958683972191;BCC-(R)HEAs & HESAs
Hf1 Mo0.75 Nb1 Ta1 Ti1 Zr1;0.0;0.0;0.0;0.0;0.0;0.0;0.2690523473889085;0.0;0.10847487063871357;0.1400507232668692;0.0;0.0;0.0;0.0;0.27276050344569996;0.07215830505634516;0.0;0.0;0.13750325020346366;2284.999995133;348.4348741777511;0.41795622259566545;0.14047795321157744;2030.3718789971613;4032.7190579917446;2470.6806450476456;38.11964280775532;32.41207286688272;43.02906642629547;BCC-(R)HEAs & HESAs
Hf1 Mo1 Nb1 Ta1 Ti1 Zr1;0.0;0.0;0.0;0.0;0.0;0.0;0.2596633643201094;0.0;0.1395859701188554;0.13516344433291144;0.0;0.0;0.0;0.0;0.2632421187389982;0.06964023334642633;0.0;0.0;0.1327048691426992;2298.833338477;337.19349714136064;0.4207967651668457;0.14048649723276352;1963.4448784532794;4048.2578007901157;2396.990398463756;38.72166343098743;32.8601446850131;43.40996719706009;BCC-(R)HEAs & HESAs
Hf1 Mo1 Ta1 Ti1 Zr1;0.0;0.0;0.0;0.0;0.0;0.0;0.3002455927869735;0.0;0.16140156102812542;0.0;0.0;0.0;0.0;0.0;0.3043836630332391;0.08052415556452698;0.0;0.0;0.15344502758713496;2265.0;377.25687071053676;0.47169616109654167;0.12661746483196232;1981.1749343964468;4602.301001322362;2747.464397456602;41.29246593461616;32.333376941659445;47.7327495769321;BCC-(R)HEAs & HESAs
Hf1 Mo1 Nb1 Ti1 Zr1;0.0;0.0;0.0;0.0;0.0;0.0;0.352440565516152;0.0;0.1894597583129295;0.1834570729010347;0.0;0.0;0.0;0.0;0.0;0.094522549561646;0.0;0.0;0.1801200537082379;2159.4;347.80292433457055;0.47230686602515304;0.17509261933163206;1105.3740324618907;2298.304299986411;3021.7225238922697;32.30821835191035;23.15776877895244;23.547759560040934;BCC-(R)HEAs & HESAs
Hf1 Nb1 Si0.5 Ti1 V1;0.0;0.0;0.0;0.0;0.0;0.0;0.4645092451627175;0.0;0.0;0.2417925596283718;0.0;0.0;0.0;0.03655124851986312;0.0;0.12457873027026324;0.1325682164187844;0.0;0.0;1991.5555532909998;490.3961913312772;0.4023867094111341;0.19605053546008025;1543.5131358082522;2022.7470421598102;3914.3849403391;32.75996451126078;29.36279543439171;16.297107912950313;BCC-(R)HEAs & HESAs
Hf0.333 Nb0.333 Ta0.333 Ti1 Zr0.667;0.0;0.0;0.0;0.0;0.0;0.0;0.2291807224043628;0.0;0.0;0.11929621221687124;0.0;0.0;0.0;0.0;0.23233935637329511;0.1845794665120762;0.0;0.0;0.2346042424933947;2039.901728585;302.2402567813386;0.413795907818309;0.11866807636214022;1980.5597182837957;3065.828106478696;2117.2798206663174;29.445470499969158;31.08221046667253;41.036038289798825;BCC-(R)HEAs & HESAs
Hf1 Nb1 Ti1 Zr1;0.0;0.0;0.0;0.0;0.0;0.0;0.434821798338571;0.0;0.0;0.22633925308777314;0.0;0.0;0.0;0.0;0.0;0.11661672635143365;0.0;0.0;0.2222222222222222;2045.0;422.9526370922553;0.47485675241224823;0.1831263958302594;1337.4534093400569;1788.81124920246;3644.120697215525;26.917348830347873;17.993329092851713;16.442736453152154;BCC-(R)HEAs & HESAs
Mo1 Nb1 Ta1 V1;0.0;0.0;0.0;0.0;0.0;0.0;0.0;0.0;0.22804515745692217;0.22081996434937612;0.0;0.0;0.0;0.0;0.43006535947712415;0.0;0.12106951871657753;0.0;0.0;2495.75;202.70774450386227;0.32706063671486574;0.11511450880654187;2761.180570409981;5141.304172118836;473.39586452762916;45.44489143392488;54.801655924643434;63.10024471427675;BCC-(R)HEAs & HESAs
Mo1 Nb1 Ta1 V1 W1;0.0;0.0;0.0;0.0;0.0;0.0;0.0;0.0;0.15870259183909757;0.153674390909542;0.0;0.0;0.0;0.0;0.2992937362510131;0.0;0.08425544583932913;0.3040738351610182;0.0;2678.0;155.4523156188492;0.2458424765280579;0.11106492021281444;2097.3324815163987;3906.6719105823777;376.4279759837245;41.39351911376123;68.07100176171286;59.22467645259527;BCC-(R)HEAs & HESAs
Mo1 Nb1 Ta1 W1;0.0;0.0;0.0;0.0;0.0;0.0;0.0;0.0;0.17330443420933805;0.1678136006502303;0.0;0.0;0.0;0.0;0.32683103043438994;0.0;0.0;0.33205093470604174;0.0;2872.0;134.33218730244744;0.22230442753685664;0.11091706399187845;1948.4947981576806;4143.285235110629;351.3952858303983;42.52161190578485;66.2243156349321;61.068599333455936;BCC-(R)HEAs & HESAs
Mo0.3 Nb1 Ti1 V1 Zr1;0.0;0.0;0.0;0.0;0.0;0.0;0.0;0.0;0.09234100569412143;0.2980511668938969;0.0;0.0;0.0;0.0;0.0;0.1535648408051969;0.1634132648969444;0.0;0.2926297217098404;2009.32558596;106.97176517764062;0.40289388039719054;0.12597747549335714;1730.2164969123417;877.3271005501648;282.6844494345978;19.266529404074447;41.7038347629639;32.46416085216435;BCC-(R)HEAs & HESAs
Mo0.5 Nb1 Ti1 V1 Zr1;0.0;0.0;0.0;0.0;0.0;0.0;0.0;0.0;0.14497680673284682;0.2807669643261865;0.0;0.0;0.0;0.0;0.0;0.14465950470664674;0.1539368115679253;0.0;0.27565991266639467;2036.333331024;102.29355121405806;0.4076580450869408;0.12683256706452248;1636.4039481437821;1086.1327241708602;287.11004336461025;21.36026833065743;41.90960108699368;33.709805341635985;BCC-(R)HEAs & HESAs
Mo0.7 Nb1 Ti1 V1 Zr1;0.0;0.0;0.0;0.0;0.0;0.0;0.0;0.0;0.19184244736991782;0.2653775295640805;0.0;0.0;0.0;0.0;0.0;0.13673040943098194;0.14549920736190142;0.0;0.2605504062731183;2061.042548579;98.12818296442731;0.412896502037006;0.12759391986043683;1552.8755300125501;1272.0481871540749;291.0504848632961;23.224482690174682;42.09281043133512;34.818896983694884;BCC-(R)HEAs & HESAs
Mo1 Nb0.769 Ti0.769 V0.769 Zr0.769;0.0;0.0;0.0;0.0;0.0;0.0;0.0;0.0;0.30603048136351707;0.2278812044126515;0.0;0.0;0.0;0.0;0.0;0.11741118561224441;0.12494100261307146;0.0;0.22373612599851547;2124.017416656;87.97927206042347;0.42968626632004614;0.12944895433258316;1349.3587164291644;1725.0308183201264;300.651362215772;27.76663702247947;42.5391996101711;37.52119641679517;BCC-(R)HEAs & HESAs
Mo1 Nb0.667 Ti0.667 V0.667 Zr0.667;0.0;0.0;0.0;0.0;0.0;0.0;0.0;0.0;0.33705578284003945;0.21769331736881295;0.0;0.0;0.0;0.0;0.0;0.11216208268695593;0.11935526409178056;0.0;0.21373355301241115;2141.8443269520003;85.22177629276068;0.43525565300936764;0.1299529739021898;1294.0624627313412;1848.107836147957;303.2599552870599;29.000756768516492;42.66048516317415;38.255420938048175;BCC-(R)HEAs & HESAs
Mo1 Nb0.588 Ti0.588 V0.588 Zr0.588;0.0;0.0;0.0;0.0;0.0;0.0;0.0;0.0;0.3657764116635891;0.20826222376594308;0.0;0.0;0.0;0.0;0.0;0.10730290228905065;0.11418445461884773;0.0;0.20447400766256948;2158.6336518069998;82.66911737708561;0.4408023880297307;0.1304195530582193;1242.8738166197213;1962.0422437931954;305.6747725422229;30.14320159460673;42.772761182541615;38.93510458154196;BCC-(R)HEAs & HESAs
Mo1 Nb0.5 Ti0.5 V0.5 Zr0.5;0.0;0.0;0.0;0.0;0.0;0.0;0.0;0.0;0.40413612934243365;0.19566590875377995;0.0;0.0;0.0;0.0;0.0;0.10081290552194;0.10727824122180121;0.0;0.19210681516004527;2181.500002019;79.2597465051153;0.44880331560642894;0.13104272342158724;1174.5054662863204;2114.2148072154187;308.9000399527366;31.66906863817733;42.92271877683736;39.84290060632718;BCC-(R)HEAs & HESAs
Mo1 Nb1 Ti1 V1 Zr1;0.0;0.0;0.0;0.0;0.0;0.0;0.0;0.0;0.2532397265697168;0.24521628968830003;0.0;0.0;0.0;0.0;0.0;0.12634273799783577;0.13444535353268758;0.0;0.24075589221145977;2094.4;92.67125814880313;0.42120592153184677;0.12859134547000642;1443.4474385705605;1515.6104949167309;296.2127398453377;25.66673436888145;42.33282753370767;36.27188489296056;BCC-(R)HEAs & HESAs
Mo1 Nb1 Ti1 V0.3;0.0;0.0;0.0;0.0;0.0;0.0;0.0;0.0;0.38073583795057275;0.36867292031253474;0.0;0.0;0.0;0.0;0.0;0.18995127214897253;0.06063996958791973;0.0;0.0;2216.848484817;65.74078617433618;0.2854353222946351;0.14947136378081846;1061.7515437542713;1990.2255861148897;253.86379222669518;34.10487152356285;44.298504805887745;37.34391487423467;BCC-(R)HEAs & HESAs
Mo0.1 Nb1 Ti1 V0.3;0.0;0.0;0.0;0.0;0.0;0.0;0.0;0.0;0.057920885116781735;0.5608576756074933;0.0;0.0;0.0;0.0;0.0;0.28897058369745676;0.09225085557826813;0.0;0.0;2066.791669188;86.30079315817099;0.10065983443249393;0.15403188884491895;1556.5849458450218;693.3787323965344;199.05755268750954;23.018963653484068;43.80140837382858;28.690372627969964;BCC-(R)HEAs & HESAs
Mo0.3 Nb1 Ti1 V0.3;0.0;0.0;0.0;0.0;0.0;0.0;0.0;0.0;0.15572338152635137;0.5026319069066908;0.0;0.0;0.0;0.0;0.0;0.2589709329848594;0.08267377858209837;0.0;0.0;2109.115384465;80.07177550360173;0.15565206668549902;0.15265019717345402;1406.6664187601923;1086.2814110018744;215.66207162386922;26.377635407338836;43.95201251063998;31.312116217507036;BCC-(R)HEAs & HESAs
Mo0.5 Nb1 Ti1 V0.3;0.0;0.0;0.0;0.0;0.0;0.0;0.0;0.0;0.23512892321539147;0.45535858665500156;0.0;0.0;0.0;0.0;0.0;0.23461431001156954;0.07489818011803749;0.0;0.0;2145.3928574029997;75.01445565772289;0.20093155563437126;0.1515284059943964;1284.9480354437903;1405.277870350776;229.14322898034325;29.10453052937324;44.07428756250117;33.44070166421128;BCC-(R)HEAs & HESAs
Mo0.7 Nb1 Ti1 V0.3;0.0;0.0;0.0;0.0;0.0;0.0;0.0;0.0;0.3008820616470132;0.4162130925274278;0.0;0.0;0.0;0.0;0.0;0.21444538520383133;0.0684594606217277;0.0;0.0;2176.833330812;70.82665406103608;0.238855209142379;0.15059948732218936;1184.1570131279993;1669.4284308486187;240.3065355123772;31.362583412951604;44.175539539208444;35.203313825371765;BCC-(R)HEAs & HESAs
Mo1 Nb0.769 Ti0.769 V0.231;0.0;0.0;0.0;0.0;0.0;0.0;0.0;0.0;0.4442603501437037;0.33081209243741555;0.0;0.0;0.0;0.0;0.0;0.17044424566762545;0.05448331175125541;0.0;0.0;2250.196462977;61.715799435374116;0.32292828474157953;0.14857094530106216;964.5231578860289;2245.4849340395126;264.68122867729824;36.28696365977222;44.39946870650969;39.047637686879085;BCC-(R)HEAs & HESAs
Mo1 Nb0.667 Ti0.667 V0.2;0.0;0.0;0.0;0.0;0.0;0.0;0.0;0.0;0.47965824143776153;0.30979558614623304;0.0;0.0;0.0;0.0;0.0;0.1596159154969344;0.05093025691907107;0.0;0.0;2269.44593281;59.4329294585619;0.3439274180698638;0.14807492484247348;910.0636413410771;2387.60501128376;270.6467490524297;37.50179608380712;44.449702058904606;39.99537251279691;BCC-(R)HEAs & HESAs
Nb1 Ti1 V0.3 Zr1;0.0;0.0;0.0;0.0;0.0;0.0;0.0;0.0;0.0;0.3757248808796596;0.0;0.0;0.0;0.0;0.0;0.19358465232708327;0.06179988845031718;0.0;0.36889057834294;1976.8484848409998;76.27080824803181;0.3927255646848732;0.1261796961861426;1632.3224295945927;392.19243792451095;221.05038784539727;13.64104666723881;34.59442272941417;28.99480763451328;BCC-(R)HEAs & HESAs
Mo1 Nb1 Ti1 V0.25 Zr1;0.0;0.0;0.0;0.0;0.0;0.0;0.0;0.0;0.28163846377294766;0.2727152649207354;0.0;0.0;0.0;0.0;0.0;0.14051102929453885;0.0373805711898054;0.0;0.26775467082197274;2128.352943691;59.889011740486225;0.4190775191455669;0.1303765770808099;1188.7116389818614;1535.8644655348585;256.7066423751834;25.278060430001034;37.195705903859334;35.94535019185835;BCC-(R)HEAs & HESAs
Mo1 Nb1 Ti1 V0.5 Zr1;0.0;0.0;0.0;0.0;0.0;0.0;0.0;0.0;0.27149001188387756;0.262888348141022;0.0;0.0;0.0;0.0;0.0;0.135447909003452;0.07206722879293759;0.0;0.2581065021787109;2115.777775389;71.60393582706132;0.419456743369397;0.12973861430861225;1279.7429404108423;1528.6265927763006;270.8243732669345;25.416955294974628;39.03148583082334;36.06203924322471;BCC-(R)HEAs & HESAs
Mo1 Nb1 Ti1 V0.75 Zr1;0.0;0.0;0.0;0.0;0.0;0.0;0.0;0.0;0.2620474935478144;0.25374499870273515;0.0;0.0;0.0;0.0;0.0;0.13073698297169228;0.1043410577487676;0.0;0.24912946702899041;2104.526318167;82.50396143709634;0.42018831758828135;0.12914502868195227;1364.442039573404;1521.8921916101108;283.96006472668677;25.546188534057194;40.739567596477016;36.17061132093553;BCC-(R)HEAs & HESAs
Mo0.667 Nb0.667 Ti0.667 V1 Zr0.667;0.0;0.0;0.0;0.0;0.0;0.0;0.0;0.0;0.23731096530313858;0.22979220204600945;0.0;0.0;0.0;0.0;0.0;0.11839578852591187;0.18888868086332142;0.0;0.2256123632616186;2076.932931117;111.0587157700108;0.4238859711001405;0.12759001474425843;1586.327937399138;1504.2501072921802;318.3715841162254;25.884740343536627;45.21422269764193;36.45503716701726;BCC-(R)HEAs & HESAs
Mo0.5 Nb0.5 Ti0.5 V1 Zr0.5;0.0;0.0;0.0;0.0;0.0;0.0;0.0;0.0;0.2232277878887638;0.21615522431209008;0.0;0.0;0.0;0.0;0.0;0.11136961132084545;0.2370239391545588;0.0;0.21222343732374185;2062.333335829;127.31571300570324;0.4271782627341951;0.12670470307280018;1712.6536058162585;1494.2059895020357;337.96299677799936;26.077487084295726;47.76176538570716;36.61696852666409;BCC-(R)HEAs & HESAs
Mo0.333 Nb0.333 Ti0.333 V1 Zr0.333;0.0;0.0;0.0;0.0;0.0;0.0;0.0;0.0;0.19951219900691966;0.19319102042452221;0.0;0.0;0.0;0.0;0.0;0.09953776932215991;0.31808206707327463;0.0;0.1896769441731236;2039.369637271;154.69194008507168;0.4347440960557798;0.12521386851076655;1925.3817089463564;1477.2920388229252;370.9542653412246;26.40206600052043;52.051740103162274;36.889655395505386;BCC-(R)HEAs & HESAs
Mo1 Nb1 Ti1 Zr1;0.0;0.0;0.0;0.0;0.0;0.0;0.0;0.0;0.2925750876658027;0.2833053819179753;0.0;0.0;0.0;0.0;0.0;0.14596737307516386;0.0;0.0;0.278152157341058;2142.5;47.26425674645523;0.4191315300966866;0.13106408675947168;1090.6104589114188;1543.6644623235254;241.49246836407988;25.128378398153288;35.21735148776542;35.81959857169424;BCC-(R)HEAs & HESAs
Al0.25 Co1 Cr1 Cu1 Fe1 Mn1 Ni1 Ti1 V1;0.015005060888265634;0.0;0.1310968488421856;0.11568023315448245;0.14137459263398766;0.12424501964765086;0.0;0.1222206155674474;0.0;0.0;0.13056294007378028;0.0;0.0;0.0;0.0;0.1064925530981745;0.11332213609402568;0.0;0.0;1502.8681784771;52.720093273522465;0.30692364774721836;0.10132118855091636;610.5381211369422;393.5803327595672;341.18458775082206;21.978505515146406;40.443328186792776;46.72770302209279;BCC-(R)HEAs & HESAs
Al0.667 Co1 Cr1 Cu1 Fe1 Mn1 Ni1 Ti1 V1;0.03905599228373185;0.0;0.127895815829256;0.1128556324982405;0.13792260471659967;0.12121128990436021;0.0;0.119236316335641;0.0;0.0;0.1273749436792641;0.0;0.0;0.0;0.0;0.10389229091713023;0.11055511383577635;0.0;0.0;1462.3268481845498;51.47065700339205;0.3006340272706348;0.09939921551293894;600.5016739839233;384.1410791219583;357.50305548328856;21.874516647005812;40.65592806301519;46.41940702181654;BCC-(R)HEAs & HESAs
Al1 Co0.5 Cr0.5 Cu0.5 Fe0.5 Ni0.5;0.1573269578401073;0.0;0.1718175986938014;0.1516123389118899;0.1852877718817424;0.16283748323517405;0.0;0.0;0.0;0.0;0.17111784943728495;0.0;0.0;0.0;0.0;0.0;0.0;0.0;0.0;1249.7285729512998;9.97839341944137;0.25422647090898964;0.09559959942914457;184.49320660096802;290.7192547670417;435.4567394600268;23.71223746899984;36.9532783749833;46.69515107037414;BCC-(R)HEAs & HESAs
Al1 Cr1 Mo1 Nb1 Ti1;0.08545817364036616;0.0;0.0;0.16470811820974945;0.0;0.0;0.0;0.0;0.30391815273510503;0.2942890627474581;0.0;0.0;0.0;0.0;0.0;0.15162649266732126;0.0;0.0;0.0;1853.0500000000002;35.669810902410426;0.29243293992403663;0.14078845484827338;779.9563206740362;1527.6174983972637;335.6772196002661;29.636234843375302;41.01735056252877;34.394452911608475;BCC-(R)HEAs & HESAs
Al1 Mo0.667 Nb0.667 Ti0.667 V0.667;0.12327746813601206;0.0;0.0;0.0;0.0;0.0;0.0;0.0;0.2924237040092802;0.2831587945753228;0.0;0.0;0.0;0.0;0.0;0.14589184690905935;0.1552481863703255;0.0;0.0;1752.3988528627501;92.52259831066287;0.27549036469833743;0.12983279459925917;1243.7937639833565;1674.532748414217;389.9032996056757;31.544598029866503;49.661255386597084;37.14414324805856;BCC-(R)HEAs & HESAs
Al1 Cr1 Mo1 Ti1;0.12109515260323159;0.0;0.0;0.23339317773788149;0.0;0.0;0.0;0.0;0.43065529622980253;0.0;0.0;0.0;0.0;0.0;0.0;0.21485637342908437;0.0;0.0;0.0;1699.3125;16.82918536804308;0.39813236190472223;0.10390870844086189;333.7365798922801;1954.7939407540396;411.23007181328546;32.70698664895059;43.013459673889194;42.16903207195409;BCC-(R)HEAs & HESAs
Al1 Mo1 Nb1 Ti1;0.1023093549732661;0.0;0.0;0.0;0.0;0.0;0.0;0.0;0.3638466497288689;0.3523188350839938;0.0;0.0;0.0;0.0;0.0;0.1815251602138713;0.0;0.0;0.0;1851.3125;40.67239012551665;0.24723758286104303;0.13862454841102873;819.7793409427021;1825.293392055668;308.30326874217894;32.716654276566516;42.25415193335446;36.90557881703157;BCC-(R)HEAs & HESAs
Al1 Nb1 Ti1 V1 Zr1;0.08705472379969026;0.0;0.0;0.0;0.0;0.0;0.0;0.0;0.0;0.29978704181724314;0.0;0.0;0.0;0.0;0.0;0.15445921528136292;0.1643649974186887;0.0;0.294334021683015;1703.0500000000002;105.28699987093452;0.3662398226134588;0.11560911718060443;1747.2119740578205;467.13481033492565;338.8690791171916;15.778506091418746;42.022522774423116;30.611663175651202;BCC-(R)HEAs & HESAs
Al1 Nb1 Ti1 V1 Zr0.1;0.1184257885347809;0.0;0.0;0.0;0.0;0.0;0.0;0.0;0.0;0.40781838446132296;0.0;0.0;0.0;0.0;0.0;0.21012018151074727;0.22359561408308892;0.0;0.040040031410060024;1676.28048781975;124.20122989583801;0.17737627864987116;0.1294756854175662;1796.6577195925713;536.3725645864963;361.7047782776727;21.10409270000527;50.3205768048522;30.04938777462763;BCC-(R)HEAs & HESAs
Al1 Nb1 Ti1 V1 Zr0.25;0.11171611362769024;0.0;0.0;0.0;0.0;0.0;0.0;0.0;0.0;0.3847125321404262;0.0;0.0;0.0;0.0;0.0;0.19821535801918205;0.2109273101628814;0.0;0.09442868604982005;1681.5294136475;120.15583533697622;0.2161817640184538;0.12650988984343858;1786.082213760096;521.5639240048641;356.82065595231325;19.965050874842053;48.54578065509405;30.169647803446544;BCC-(R)HEAs & HESAs
Al1 Nb1 Ti1 V1 Zr0.5;0.10207710642805798;0.0;0.0;0.0;0.0;0.0;0.0;0.0;0.0;0.3515190496008475;0.0;0.0;0.0;0.0;0.0;0.1811130869055276;0.19272823578373882;0.0;0.17256252128182817;1689.4999980375;114.34428890318198;0.27344082891386645;0.12224927732681086;1770.889618251295;500.2900776323263;349.80420718096184;18.328722363332822;45.99613807146906;30.342411357518085;BCC-(R)HEAs & HESAs
Al0.667 Nb0.667 Ti0.667 V0.667 Zr1;0.07590130281542219;0.0;0.0;0.0;0.0;0.0;0.0;0.0;0.0;0.2613784301178975;0.0;0.0;0.0;0.0;0.0;0.13466995425404968;0.14330661102363254;0.0;0.3847437017889979;1714.1212493835;98.56238367309598;0.4379509317543935;0.11067910685229966;1729.6324235871218;442.51856515185204;330.750254705024;13.885089022685829;39.072298077457305;30.811570137996004;BCC-(R)HEAs & HESAs
Co1 Cr1 Mo1 Nb1;0.0;0.0;0.19657093298642386;0.173454751659495;0.0;0.0;0.0;0.0;0.32005737349477975;0.3099169418593015;0.0;0.0;0.0;0.0;0.0;0.0;0.0;0.0;0.0;2110.0;41.049891590780206;0.39172021559757086;0.16685223749203906;734.7707228393208;1761.1561440308224;359.5896127289102;31.366632610912188;41.68241937783589;41.21691208131413;BCC-(R)HEAs & HESAs
Co1 Cr1 Mo1 Nb1 Ti1;0.0;0.0;0.16950468848875339;0.14957142035321863;0.0;0.0;0.0;0.0;0.2759880342863717;0.2672438589426451;0.0;0.0;0.0;0.0;0.0;0.13769199792901107;0.0;0.0;0.0;2020.0;37.26337657481446;0.3458694834398719;0.14717696188318216;714.4927227751249;1532.2905436892368;325.2231202899384;29.25508781082647;42.00832199474837;41.79188507574818;BCC-(R)HEAs & HESAs
Co1 Cr1 Mo1 Nb1 Ti0.2;0.0;0.0;0.19048758092305723;0.16808678445611705;0.0;0.0;0.0;0.0;0.31015244170316214;0.3003258296888045;0.0;0.0;0.0;0.0;0.0;0.03094736322885909;0.0;0.0;0.0;2088.5714283999996;40.19884245696608;0.3815932467507682;0.16243006401752;730.2130822866358;1709.7167940984205;351.86547232563834;30.89204625233562;41.75566856307922;41.34614179962142;BCC-(R)HEAs & HESAs
Co1 Cr1 Mo1 Nb1 Ti0.4;0.0;0.0;0.18476945359981087;0.16304109260461846;0.0;0.0;0.0;0.0;0.3008421699117912;0.29131053680567504;0.0;0.0;0.0;0.0;0.0;0.06003674707810458;0.0;0.0;0.0;2069.090906667;39.398887554669244;0.3719803385330176;0.158273383504969;725.9290677002069;1661.365696007326;344.60506427618253;30.445952520467205;41.824520104660664;41.4676129845095;BCC-(R)HEAs & HESAs
Co1 Cr1 Mo1 Nb1 Ti0.5;0.0;0.0;0.1820372229515793;0.16063016449146653;0.0;0.0;0.0;0.0;0.2963935439030041;0.28700285736350295;0.0;0.0;0.0;0.0;0.0;0.07393621129044714;0.0;0.0;0.0;2059.999997667;39.01665379565988;0.36735485422634473;0.1562872420203035;723.8820835585758;1638.2626161680441;341.13590238628467;30.232800399625134;41.85741868866421;41.525654240932546;BCC-(R)HEAs & HESAs
Cr1 Hf1 Nb1 Ti1 Zr1;0.0;0.0;0.0;0.11243486345650716;0.0;0.0;0.3859326688144608;0.0;0.0;0.20089083007200156;0.0;0.0;0.0;0.0;0.0;0.10350494064736535;0.0;0.0;0.19723669700966506;2008.0;376.5560941858199;0.4708608375035428;0.17959998625492263;1252.0643689593287;1589.710328191134;3287.7448269151773;25.4666032227684;19.876812469622596;17.02930101307908;BCC-(R)HEAs & HESAs
Hf1 Nb1 Ti1 V1 Zr1;0.0;0.0;0.0;0.0;0.0;0.0;0.386819235853759;0.0;0.0;0.20135231779468177;0.0;0.0;0.0;0.0;0.0;0.10374271287085798;0.11039594304661596;0.0;0.19768979043408533;2016.4;418.7628199293498;0.46818854137348676;0.17534850758885462;1599.9249073532276;1738.7123283815915;3313.4163253364563;27.161909305248077;25.73746020665871;18.953245350673175;BCC-(R)HEAs & HESAs
Cr1 Ta1 Ti0.07 V1 W1;0.0;0.0;0.0;0.11038443716298281;0.0;0.0;0.0;0.0;0.0;0.0;0.0;0.0;0.0;0.0;0.3841166135508026;0.007113215495347178;0.10813429286696817;0.39025144092389924;0.0;2526.093369083;179.43979834909578;0.2551312517354616;0.08559220402196348;2371.934467787774;4005.219441644591;432.6784295729904;39.11507203958227;75.1490231395829;64.629441008198;BCC-(R)HEAs & HESAs
Cr1 Ta1 Ti0.04 V1 W1;0.0;0.0;0.0;0.11072197541996216;0.0;0.0;0.0;0.0;0.0;0.0;0.0;0.0;0.0;0.0;0.38529118177388755;0.0040771237850211394;0.1084649505364014;0.3914447684847278;0.0;2532.5247469339997;179.94706327542536;0.25581312259652644;0.08578066912110562;2377.39098788636;4017.1640466595613;433.66512948723727;39.18565841291856;75.24412115769783;64.68826392911299;BCC-(R)HEAs & HESAs
Cr1 Ta1 V1 W1;0.0;0.0;0.0;0.11117525067881041;0.0;0.0;0.0;0.0;0.0;0.0;0.0;0.0;0.0;0.0;0.38686849250636046;0.0;0.10890898595343466;0.3930472708613944;0.0;2541.25;180.628262031514;0.25672816816337063;0.08603375618555274;2384.7184700575112;4033.2042845231217;434.9901545763581;39.28044783599461;75.37182691515108;64.76725638153177;BCC-(R)HEAs & HESAs
Hf0.26 Nb1 Ta1 Ti0.578 Zr0.416;0.0;0.0;0.0;0.0;0.0;0.0;0.12026263388996955;0.0;0.0;0.2407719756900414;0.0;0.0;0.0;0.0;0.4689235712099128;0.07170257318011491;0.0;0.0;0.09833924602996123;2385.2796535949997;278.0606649395331;0.30681851450706865;0.11573984017222372;2828.928424089791;4793.447701829579;1354.0111650302597;38.65700161785105;42.0124787576404;56.75460345869414;BCC-(R)HEAs & HESAs
Hf0.5 Nb0.667 Ta0.333 Ti1 Zr0.833;0.0;0.0;0.0;0.0;0.0;0.0;0.26614194429412524;0.0;0.0;0.18480670503153196;0.0;0.0;0.0;0.0;0.1796934516418551;0.14275550261523487;0.0;0.0;0.22660239641725288;2081.472847486;323.6240519376497;0.4168917985708994;0.13923024828267638;1876.3587886563557;2757.6807386337578;2386.9499119289835;28.92427524627524;28.338799484029828;34.73696354497673;BCC-(R)HEAs & HESAs
Hf1 Mo0.5 Nb1 Si0.3 Ti1 V0.5;0.0;0.0;0.0;0.0;0.0;0.0;0.44495465446151233;0.0;0.11959605326792007;0.23161374276440758;0.0;0.0;0.0;0.021007523520349403;0.0;0.1193343005718673;0.06349372541394317;0.0;0.0;2101.744190796;448.42831316591094;0.41150645897671034;0.19601933753713238;1254.4021356527112;2388.339816536582;3751.016735096302;36.00763611878931;26.805924974229605;19.12454959051436;BCC-(R)HEAs & HESAs
Hf1 Mo0.5 Nb1 Si0.5 Ti1 V0.5;0.0;0.0;0.0;0.0;0.0;0.0;0.43880912577441245;0.0;0.11794424230504476;0.22841479004818566;0.0;0.0;0.0;0.03452896056642738;0.0;0.11768610482840004;0.06261677647752975;0.0;0.0;2070.9999976560002;442.25828744222605;0.4065843401950394;0.19474584679419413;1238.7618681777951;2355.394494751494;3699.546944758582;35.653966242956386;27.55628143934816;19.304284776781703;BCC-(R)HEAs & HESAs
Hf1 Mo0.5 Nb1 Si0.7 Ti1 V0.5;0.0;0.0;0.0;0.0;0.0;0.0;0.4328310429869587;0.0;0.11633743842733581;0.22530299850926286;0.0;0.0;0.0;0.04768198108558986;0.0;0.1160828171202068;0.06176372187064603;0.0;0.0;2042.8723382630005;436.25637520839837;0.4017845714661742;0.19350705460264533;1223.5477487479557;2323.3468299036476;3649.4795411029504;35.309932764263955;28.28619308550556;19.479122771017263;BCC-(R)HEAs & HESAs
Hf1 Mo0.5 Nb1 Ti1 V0.5;0.0;0.0;0.0;0.0;0.0;0.0;0.4545026291330863;0.0;0.12216238238926447;0.23658378213208048;0.0;0.0;0.0;0.0;0.0;0.12189501292285752;0.06485619342271112;0.0;0.0;2153.625;458.0143475548422;0.41912937906438485;0.19799789104768425;1278.701571113912;2439.525176489611;3830.982557325289;36.557113826645384;25.640136823465223;18.84530477799343;BCC-(R)HEAs & HESAs
Hf0.787 Nb0.142 Ta0.142 Ti1 Zr0.787;0.0;0.0;0.0;0.0;0.0;0.0;0.46977353324910787;0.0;0.0;0.04412154618419705;0.0;0.0;0.0;0.0;0.0859304034229949;0.16008968492349954;0.0;0.0;0.2400848322202007;1968.093769083;467.6327003577;0.5198061216844081;0.15647302522582252;1469.3188675538308;2603.853256731732;3965.5547074387696;30.033811107881583;18.837791401180368;24.662743162737193;BCC-(R)HEAs & HESAs
Al0.25 Nb1 Ta1 Ti1 Zr1;0.016071194423543055;0.0;0.0;0.0;0.0;0.0;0.0;0.0;0.0;0.22137504619471757;0.0;0.0;0.0;0.0;0.43114642782191526;0.11405901906512896;0.0;0.0;0.21734831249469527;2144.48529727725;163.52209999949082;0.32846005138092393;0.08941662683740763;2711.6446530076064;4039.615853536974;402.4507260396154;31.69494404338472;43.83856036505396;58.888369054634204;BCC-(R)HEAs & HESAs
Al0.5 Mo0.5 Nb1 Ta0.5 Ti1 Zr1;0.03513569828619055;0.0;0.0;0.0;0.0;0.0;0.0;0.0;0.12495441996145232;0.24199093608376307;0.0;0.0;0.0;0.0;0.23564879929155597;0.12468093973016617;0.0;0.0;0.2375892066468719;2019.9166643737499;109.60187138615412;0.3556406541452597;0.10544309581645213;1953.1258595092977;2867.3659697322505;349.70469995311765;28.52218984458603;40.29654439423678;48.38286827040457;BCC-(R)HEAs & HESAs
Al1 Mo0.5 Nb1 Ta0.5 Ti1 Zr0.5;0.0766869421863453;0.0;0.0;0.0;0.0;0.0;0.0;0.0;0.1363623443806492;0.26408390654311864;0.0;0.0;0.0;0.0;0.2571627536808595;0.13606389631061339;0.0;0.0;0.12964015689841396;1890.4999978365;112.82259109772046;0.27779737126306037;0.1059374919337174;1930.3686473196512;3093.7643409101242;384.62345091239837;31.675965467369256;43.39750795204759;49.93685652568149;BCC-(R)HEAs & HESAs
Al1 Nb1 Ta0.5 Ti1 Zr0.5;0.08879527390610344;0.0;0.0;0.0;0.0;0.0;0.0;0.0;0.0;0.3057809080287646;0.0;0.0;0.0;0.0;0.2977669535453932;0.15754743372443183;0.0;0.0;0.1501094307953068;1799.6875;126.48390297684676;0.23594549420130473;0.10044513635947991;2217.3973901166705;2875.2032135430895;388.6692145666376;27.93464556054522;43.10468122610343;49.30412095113926;BCC-(R)HEAs & HESAs
Hf1 Nb1 Si0.5 Ti1 V1 Zr1;0.0;0.0;0.0;0.0;0.0;0.0;0.375393028024607;0.0;0.0;0.1954045954045954;0.0;0.0;0.0;0.029538882170461123;0.0;0.10067826909932175;0.10713497029286503;0.0;0.19185025500814976;1961.272729507;406.4432504337766;0.45710841768668475;0.17323548181490142;1556.268657658131;1687.441326431711;3216.2639365897285;26.666807220725616;27.373811386088946;19.342705740733287;BCC-(R)HEAs & HESAs
Al0.2 Mo1 Ta1 Ti1 V1;0.014158790584993763;0.0;0.0;0.0;0.0;0.0;0.0;0.0;0.2517672248366289;0.0;0.0;0.0;0.0;0.0;0.47480228592170914;0.12560809851932697;0.13366360013734105;0.0;0.0;2215.964285092;205.807602847349;0.3557672738130443;0.07453534699881217;2674.015501954413;5565.970102144894;513.084750758321;47.00696255395334;57.8984936410728;72.0087755142821;BCC-(R)HEAs & HESAs
Al0.6 Mo1 Ta1 Ti1 V1;0.0413066667127388;0.0;0.0;0.0;0.0;0.0;0.0;0.0;0.24483411495278998;0.0;0.0;0.0;0.0;0.0;0.4617272860938753;0.12214913061792657;0.12998280162266931;0.0;0.0;2080.68477940275;200.1828023751305;0.34745735337475236;0.0731053738485397;2605.8728440073937;5412.88841891883;526.7549235667125;46.20045611800318;57.657586707189104;70.96489561011757;BCC-(R)HEAs & HESAs
Al1 Mo1 Ta1 Ti1 V1;0.06699942884104398;0.0;0.0;0.0;0.0;0.0;0.0;0.0;0.2382726166530085;0.0;0.0;0.0;0.0;0.0;0.4493531003998112;0.11887556184658173;0.12649929225955447;0.0;0.0;1967.0500000000002;194.85948868856948;0.33953190055499727;0.07175204661855919;2541.382602001538;5268.011845340087;539.6923812361865;45.43717806574193;57.429592277046275;69.97696720120578;BCC-(R)HEAs & HESAs
Mo1 Ta1 Ti1 V1;0.0;0.0;0.0;0.0;0.0;0.0;0.0;0.0;0.25538314125256184;0.0;0.0;0.0;0.0;0.0;0.48162146336269995;0.1274120997577919;0.13558329562694632;0.0;0.0;2293.75;208.7411793670652;0.3600750747502721;0.07528113979238472;2709.554842830906;5645.808815309681;505.95516488781243;47.42759051314748;58.02413701778788;72.55320399514747;BCC-(R)HEAs & HESAs
Hf1 Nb1 Ta1 Zr1;0.0;0.0;0.0;0.0;0.0;0.0;0.3283661717902019;0.0;0.0;0.17092554776753685;0.0;0.0;0.0;0.0;0.3328918078628328;0.0;0.0;0.0;0.1678164725794286;2379.0;420.5738258182018;0.44008970254822355;0.1507069027582686;2411.3442150964916;4320.195558410357;2958.138749379107;37.78095113263775;29.687354663668675;41.375867310699604;BCC-(R)HEAs & HESAs
Hf1 Ta0.4 Ti1 Zr1;0.0;0.0;0.0;0.0;0.0;0.0;0.45771361150805256;0.0;0.0;0.0;0.0;0.0;0.0;0.0;0.18560878064470096;0.12275618008230418;0.0;0.0;0.2339214277649423;2032.4705884279997;483.0313480315968;0.5253694979284047;0.1462512417981816;1777.2757470468998;3423.542363179901;3919.527488966853;33.54663939038128;21.447785688696765;31.930932690056604;BCC-(R)HEAs & HESAs
Hf1 Ta0.5 Ti1 Zr1;0.0;0.0;0.0;0.0;0.0;0.0;0.4374165247331855;0.0;0.0;0.0;0.0;0.0;0.0;0.0;0.22172256190954648;0.1173126171717048;0.0;0.0;0.2235482961855632;2060.000002333;475.2474960483265;0.5141407169649412;0.1417006162995126;1892.027116442636;3668.433052569182;3774.4753709671513;34.572100589862046;23.158030034873967;34.905077755601305;BCC-(R)HEAs & HESAs
Hf1 Ta0.6 Ti1 Zr1;0.0;0.0;0.0;0.0;0.0;0.0;0.418843130225112;0.0;0.0;0.0;0.0;0.0;0.0;0.0;0.25476944760551834;0.11233133869615165;0.0;0.0;0.2140560834732182;2086.000002541;468.12467318801623;0.5039994462849984;0.13753644419034394;1997.0334396538972;3892.5268565634274;3641.7415337557895;35.51047640812297;24.723035067324478;37.626649094351436;BCC-(R)HEAs & HESAs
Hf1 Ta1 Ti1 Zr1;0.0;0.0;0.0;0.0;0.0;0.0;0.3580326158907188;0.0;0.0;0.0;0.0;0.0;0.0;0.0;0.3629671233426273;0.0960223055784005;0.0;0.0;0.18297795518825347;2177.0;444.8040830040317;0.4717978499509682;0.12390267101951019;2340.831043267205;4626.22469914773;3207.1622269472273;38.58278051077899;29.846964401720534;46.5372525295607;BCC-(R)HEAs & HESAs
Mo0.1 Nb1 Ti1 V0.3 Zr1;0.0;0.0;0.0;0.0;0.0;0.0;0.0;0.0;0.037352507600370136;0.3616906144608744;0.0;0.0;0.0;0.0;0.0;0.18635378015544138;0.05949150752262132;0.0;0.3551115902606928;1995.6764707839998;74.40427321213147;0.3940952145920439;0.12672291729168886;1575.553250465234;544.8075958153199;226.20315172507736;15.199774458107026;34.99251360249152;29.92673096458596;BCC-(R)HEAs & HESAs
Mo0.3 Nb1 Ti1 V0.3 Zr1;0.0;0.0;0.0;0.0;0.0;0.0;0.0;0.0;0.10426816636500187;0.33654873661534096;0.0;0.0;0.0;0.0;0.0;0.17339993565575687;0.05535612709362371;0.0;0.33042703427027664;2030.1944442609997;71.06044359940113;0.39819982594633185;0.1276960781434056;1473.8533309801576;818.2121002344588;235.43414081591533;17.99217860141755;35.70567892444891;31.596237714547204;BCC-(R)HEAs & HESAs
Mo0.5 Nb1 Ti1 V0.3 Zr1;0.0;0.0;0.0;0.0;0.0;0.0;0.0;0.0;0.16248556296055053;0.3146750122361975;0.0;0.0;0.0;0.0;0.0;0.16212994118767382;0.05175829842360818;0.0;0.30895118519197007;2061.07894717;68.1512732194772;0.40350709651788064;0.1285427393315608;1385.3732257205613;1056.0771794340887;243.46520807207196;20.421602484883053;36.326141003859476;33.04872788577293;BCC-(R)HEAs & HESAs
Mo0.7 Nb1 Ti1 V0.3 Zr1;0.0;0.0;0.0;0.0;0.0;0.0;0.0;0.0;0.21359720398032098;0.2954710968780112;0.0;0.0;0.0;0.0;0.0;0.15223551186686468;0.048599605020877915;0.0;0.29009658225392515;2088.875;65.59718330911092;0.4095087445386426;0.12928606082898794;1307.6926079752702;1264.909509135085;250.5160392689388;22.554501738760788;36.870872271754635;34.323933593767244;BCC-(R)HEAs & HESAs
Mo1 Nb0.769 Ti0.769 V0.231 Zr0.769;0.0;0.0;0.0;0.0;0.0;0.0;0.0;0.0;0.33534277960679293;0.24970818745152115;0.0;0.0;0.0;0.0;0.0;0.12865709754928764;0.041125851447421924;0.0;0.24516608394497644;2157.778125191;59.52994777045919;0.4289134563350554;0.13105589697002315;1122.7721875798688;1762.3888581832143;267.3336243610145;27.635796955448008;38.171257015039544;37.36195905893557;BCC-(R)HEAs & HESAs
Mo1 Nb0.667 Ti0.667 V0.2 Zr0.667;0.0;0.0;0.0;0.0;0.0;0.0;0.0;0.0;0.36779080135834397;0.2375440622880601;0.0;0.0;0.0;0.0;0.0;0.12238977786814592;0.03905213857460264;0.0;0.2332232199108475;2176.835678433;57.885976364342255;0.4353048945406509;0.13152877687104578;1073.3050537443735;1894.8964660320325;271.77863982771515;28.9887296505643;38.513171921580444;38.17077518380743;BCC-(R)HEAs & HESAs
Mo1 Nb1 Ti1 V0.3 Zr1;0.0;0.0;0.0;0.0;0.0;0.0;0.0;0.0;0.2795485269438747;0.2706915439119895;0.0;0.0;0.0;0.0;0.0;0.13946834793958604;0.04452382062278575;0.0;0.26576776058176393;2125.72093503;62.3015423969793;0.41912152940439396;0.130245197249899;1207.458308083162;1534.3739232326825;259.61399869476037;25.306663954642072;37.57376002692879;35.96938072860088;BCC-(R)HEAs & HESAs
Mo1 Nb1 Ta1 Ti0.25 W1;0.0;0.0;0.0;0.0;0.0;0.0;0.0;0.0;0.16963760848498532;0.1642629515824907;0.0;0.0;0.0;0.0;0.3199158442455247;0.021158291425616343;0.0;0.32502530426138304;0.0;2800.7058859969998;131.7766425844789;0.21808561614817057;0.10907717682073882;1919.6984735895128;4057.7150694978423;346.28777402402886;41.96112336295659;65.75513051371529;60.73692415046056;BCC-(R)HEAs & HESAs
Mo1 Nb1 Ta1 Ti0.5 W1;0.0;0.0;0.0;0.0;0.0;0.0;0.0;0.0;0.16612273518183474;0.1608594406018162;0.0;0.0;0.0;0.0;0.3132872217941948;0.04143978808313928;0.0;0.31829081433901507;0.0;2737.333330323;129.32699905641599;0.21403057677856097;0.10731353415408619;1892.0954621397714;3975.690912019876;341.3919163413178;41.423861337432704;65.30538831684784;60.4189935113561;BCC-(R)HEAs & HESAs
Mo1 Nb1 Ta1 Ti0.75 W1;0.0;0.0;0.0;0.0;0.0;0.0;0.0;0.0;0.16275056080671357;0.1575941073950157;0.0;0.0;0.0;0.0;0.30692771212063386;0.06089788441232969;0.0;0.3118297352653071;0.0;2680.631581901;126.97680762103462;0.210129993767314;0.10562149290695916;1865.613094253692;3896.9968203323706;336.6948236162174;40.90841139686916;64.87390502260571;60.113970410440075;BCC-(R)HEAs & HESAs
Mo1 Nb1 Ta1 Ti1 W1;0.0;0.0;0.0;0.0;0.0;0.0;0.0;0.0;0.15951256816065967;0.1544587046149754;0.0;0.0;0.0;0.0;0.30082125282617367;0.07958172629339008;0.0;0.3056257481048012;0.0;2629.6;124.7201323314271;0.20637524153825115;0.10399677944153515;1840.1844826439683;3821.4340344776565;332.1846322649288;40.413471654349564;64.45959082107487;59.82108444198918;BCC-(R)HEAs & HESAs
Mo1 Nb1 Ta1 Ti1 V1;0.0;0.0;0.0;0.0;0.0;0.0;0.0;0.0;0.2047501173658828;0.1982629849344885;0.0;0.0;0.0;0.0;0.3861337544278946;0.10215099654304126;0.10870214672869276;0.0;0.0;2328.6;183.38509239895873;0.2981093428703464;0.10580286771994628;2539.136933976355;4626.227776063762;436.2746148265118;42.440269533332895;53.703293606134025;61.29140168176645;BCC-(R)HEAs & HESAs
Mo1 Nb1 Ta1 Ti1 V1 W1;0.0;0.0;0.0;0.0;0.0;0.0;0.0;0.0;0.14705882352941174;0.14239953407105413;0.0;0.0;0.0;0.0;0.27733500904269986;0.0733684823590718;0.07807375164761057;0.2817643993501517;0.0;2508.333338896;145.0411580786562;0.229929019365942;0.10467408025324801;1986.558363731109;3627.308801181681;356.8805597277994;39.5327357368658;66.30856707618364;58.20984555229749;BCC-(R)HEAs & HESAs
Mo1 Nb1 Ta1 Ti1 Zr1;0.0;0.0;0.0;0.0;0.0;0.0;0.0;0.0;0.18854391825505995;0.1825702495578699;0.0;0.0;0.0;0.0;0.3555708390646492;0.09406563175476518;0.0;0.0;0.17924936136765574;2313.2;139.79649832973084;0.366373269227961;0.09997558351598808;2254.887895460797;4175.719120493221;386.21247789349576;36.34419693330584;44.03467253887042;58.2847069199983;BCC-(R)HEAs & HESAs
Nb1 Ta1 Ti1 V1 W1;0.0;0.0;0.0;0.0;0.0;0.0;0.0;0.0;0.0;0.1669511778764083;0.0;0.0;0.0;0.0;0.32515138991213094;0.08601822069684281;0.09153474331099172;0.3303444682036262;0.0;2486.6;165.5137715404935;0.17025646616861667;0.09845878509296449;2309.6718747192317;3480.6379048336958;356.5151389912131;36.80195715818852;69.93899285446588;58.945297234765455;BCC-(R)HEAs & HESAs
Nb1 Ta1 V1 W1;0.0;0.0;0.0;0.0;0.0;0.0;0.0;0.0;0.0;0.1826635734507707;0.0;0.0;0.0;0.0;0.35575259515570934;0.0;0.10014941805599245;0.3614344133375275;0.0;2693.25;179.81564662629768;0.18464541147107194;0.10547025047482884;2471.7518677256994;3798.8964108583673;379.71559452658073;38.75675554462276;72.3755665972515;60.22078222621476;BCC-(R)HEAs & HESAs
Al0.25 Cr0.5 Nb0.5 Ti1 V0.25;0.04824577089517543;0.0;0.0;0.18597331998140265;0.0;0.0;0.0;0.0;0.0;0.33228425306677156;0.0;0.0;0.0;0.0;0.0;0.34240549336575943;0.09109116269089088;0.0;0.0;1785.8250000000003;68.56518007224352;0.17700206562238718;0.12394999451462459;1271.4103751654084;326.40882092557536;285.0235864239477;19.004954051688696;43.983512781346725;30.019138047650866;BCC-(R)HEAs & HESAs
Al1 Cr0.5 Nb1 Ti1 V1;0.11025745811197385;0.0;0.0;0.10625255414793626;0.0;0.0;0.0;0.0;0.0;0.3796894156109522;0.0;0.0;0.0;0.0;0.0;0.19562729873314263;0.20817327339599512;0.0;0.0;1693.3888869225;114.7606497752351;0.19397959718040947;0.13379508415702424;1674.13050674295;491.03768050265694;376.903126277074;21.10023706341164;49.83339157730399;29.078831670844487;BCC-(R)HEAs & HESAs
Al0.667 Cr1 Nb0.667 Ti0.667 V0.667;0.09094555140612832;0.0;0.0;0.2627949557998419;0.0;0.0;0.0;0.0;0.0;0.31318573688448414;0.0;0.0;0.0;0.0;0.0;0.1613626221575746;0.17171113375197095;0.0;0.0;1723.6632341085;96.46407050127245;0.2636844430219498;0.13694210586653632;1482.1401376002734;408.1837882522169;393.99749569565074;19.8591258655989;47.19063495675475;27.77934343389871;BCC-(R)HEAs & HESAs
Al1 Cr1 Nb1 Ti1 V1;0.09966752862947914;0.0;0.0;0.1920945696342815;0.0;0.0;0.0;0.0;0.0;0.34322127816771336;0.0;0.0;0.0;0.0;0.0;0.1768378278537126;0.18817879571481347;0.0;0.0;1710.05;104.7274879940895;0.2316171955135108;0.13552079350780136;1568.850147765053;445.60369567417865;386.27704100480247;20.41965796446679;48.38420239690363;28.366240780561153;BCC-(R)HEAs & HESAs
Al1 Cr1 Fe1 Mo0.5 Ni1 Ti0.25;0.10644572668540712;0.0;0.0;0.2051585540267298;0.0;0.22034817773832424;0.0;0.0;0.1892784928736993;0.0;0.23155299107363023;0.0;0.0;0.0;0.0;0.0472160576022094;0.0;0.0;0.0;1522.473686006;10.603872367707254;0.25202432868637836;0.10379482134234912;232.89667603688915;916.5728362183756;341.1549736154264;24.79957775470258;37.09738650088421;42.872160375101636;BCC-(R)HEAs & HESAs
Al1 Cr1 Fe1 Mo0.5 Ni1 Ti0.4;0.10351323468955509;0.0;0.0;0.1995066050354657;0.0;0.21427776713905308;0.0;0.0;0.18406402557071067;0.0;0.22517389710637467;0.0;0.0;0.0;0.0;0.07346447045884083;0.0;0.0;0.0;1526.68367469725;10.685035743123237;0.24581149470270336;0.1015954061398719;242.66570563729687;894.049374795378;334.7868444763657;24.55802045514669;37.28890640340685;42.94159923826598;BCC-(R)HEAs & HESAs
Al1 Cr1 Fe1 Mo0.5 Ni1 Ti0.5;0.10164638511095206;0.0;0.0;0.19590852578834345;0.0;0.21041329163998046;0.0;0.0;0.18074445239799572;0.0;0.2211129111253438;0.0;0.0;0.0;0.0;0.09017443393738463;0.0;0.0;0.0;1529.3500000000001;10.736705063481894;0.24184293078387153;0.10019523971339844;248.8847530422334;879.7107523640884;330.73283916663536;24.404243062664147;37.41082961923507;42.98580462727861;BCC-(R)HEAs & HESAs
Al1 Cr1 Fe1 Mo0.5 Ni1 Ti0.6;0.09984567945695533;0.0;0.0;0.19243792927211553;0.0;0.20668573749707025;0.0;0.0;0.17754249430603872;0.0;0.217195809018855;0.0;0.0;0.0;0.0;0.10629235044896519;0.0;0.0;0.0;1531.9117634947502;10.786543700305977;0.23800508321099556;0.09884468227061094;254.8834547702191;865.8801585721731;326.82247040970486;24.255914123543306;37.52843300125976;43.02844378546864;BCC-(R)HEAs & HESAs
Al1 Cr1 Fe1 Mo0.5 Ni1 Ti0.75;0.09726115047099664;0.0;0.0;0.18745662803898533;0.0;0.20133562838417945;0.0;0.0;0.17294676404173695;0.0;0.21157364422323174;0.0;0.0;0.0;0.0;0.12942618484086993;0.0;0.0;0.0;1535.5714250164997;10.858076407820054;0.23247969222774323;0.09690624479529573;263.49331299205755;846.0292807474084;321.2099693524982;24.04301947417641;37.697227575897266;43.089643185869825;BCC-(R)HEAs & HESAs
Al1 Co0.512 Cr0.512 Fe0.186 Ni0.116;0.26720199540491185;0.0;0.2988162099406231;0.2636762755288037;0.0;0.10288069093345559;0.0;0.0;0.0;0.0;0.06742482819220584;0.0;0.0;0.0;0.0;0.0;0.0;0.0;0.0;1217.5700754395;12.744912133206936;0.33422383203276973;0.09949725437800182;257.73039537820296;281.0818445328005;589.1492228645175;17.632319634177332;42.78192194390069;45.95181031281311;BCC-(R)HEAs & HESAs
Al1 Co0.426 Cr0.383 Cu0.106 Fe0.106 Ni0.106;0.29688244843065004;0.0;0.2762413050583819;0.21915162460877083;0.07412487911665246;0.06514357983737279;0.0;0.0;0.0;0.0;0.06845616294817204;0.0;0.0;0.0;0.0;0.0;0.0;0.0;0.0;1147.71772272565;12.098060613124234;0.3155928964941157;0.09339552912425628;238.65162496151626;299.04058336954444;606.4509017875635;20.403785070344256;42.28578305857941;46.25642459699586;BCC-(R)HEAs & HESAs
Al1 Hf1 Nb1 Ti1;0.07792057761732853;0.0;0.0;0.0;0.0;0.0;0.5154945848375452;0.0;0.0;0.2683321299638989;0.0;0.0;0.0;0.0;0.0;0.13825270758122743;0.0;0.0;0.0;1753.8125;487.63388014440403;0.38759228475712815;0.1985437303482074;1176.9806787003613;2048.7869738198347;4326.296909747295;33.0286201443133;20.157093560308823;13.67483530658972;BCC-(R)HEAs & HESAs
Al1 Hf1 Ta1 Ti1;0.06212438693039214;0.0;0.0;0.0;0.0;0.0;0.4109926546777499;0.0;0.0;0.0;0.0;0.0;0.0;0.0;0.4166570724631007;0.11022588592875729;0.0;0.0;0.0;1885.8125;499.60529254645496;0.40237445553225293;0.12743422826235937;2361.308825899744;5253.206749559321;3686.411810080824;45.18071051978546;33.325471802532796;48.782033530162245;BCC-(R)HEAs & HESAs
Cr1 Mo1 Ta1 Ti1;0.0;0.0;0.0;0.13801523475860605;0.0;0.0;0.0;0.0;0.25466464952092793;0.0;0.0;0.0;0.0;0.0;0.4802664755686493;0.12705364015181675;0.0;0.0;0.0;2283.25;157.5227552618309;0.3645413360026689;0.0807814125798521;2279.429758207925;5451.914775592537;482.34154789394063;45.289565372700004;50.73928193558486;70.04074022983433;BCC-(R)HEAs & HESAs
Cr1 Nb1 Ta1 Ti1;0.0;0.0;0.0;0.13913788028790838;0.0;0.0;0.0;0.0;0.0;0.2486019318759532;0.0;0.0;0.0;0.0;0.48417306611725036;0.12808712171888795;0.0;0.0;0.0;2246.0;172.15138468948177;0.23836978034584966;0.10229610613888816;2729.0018863885684;4471.703797979824;432.5057394375619;36.97914815967684;48.54116454267995;60.676728158174384;BCC-(R)HEAs & HESAs
Cr1 Nb1 Ti1 W1;0.0;0.0;0.0;0.13807020338803036;0.0;0.0;0.0;0.0;0.0;0.24669428070734425;0.0;0.0;0.0;0.0;0.0;0.12710424300355797;0.0;0.4881312729010674;0.0;2348.75;46.17822739100418;0.11211361941501896;0.13023824300324488;893.0026153682757;666.884924908396;193.02632627051145;25.146504615251615;67.38576075284784;37.225539768193784;BCC-(R)HEAs & HESAs
Hf1 Nb1 Ta1 Ti1;0.0;0.0;0.0;0.0;0.0;0.0;0.3568229978809324;0.0;0.0;0.18573827515893007;0.0;0.0;0.0;0.0;0.3617408340330255;0.09569789292711207;0.0;0.0;0.0;2337.75;448.68965055375617;0.3550568252369928;0.1519949606376268;2382.939106793011;4653.916935918432;3174.7832353764366;42.406926242562214;33.011543090609585;43.43868912812363;BCC-(R)HEAs & HESAs
Mo1 Nb1 Ta1 Ti1;0.0;0.0;0.0;0.0;0.0;0.0;0.0;0.0;0.2297213177552193;0.22244301857881632;0.0;0.0;0.0;0.0;0.4332263934112239;0.11460927025474046;0.0;0.0;0.0;2435.25;158.7962602949627;0.2757827191559735;0.10496512219536301;2395.729386132924;5027.623923623348;410.39173529975096;44.06325852173755;49.50316712764006;63.987644944940385;BCC-(R)HEAs & HESAs
Al1 Nb1 Ta1 Ti1;0.07737088124802845;0.0;0.0;0.0;0.0;0.0;0.0;0.0;0.0;0.2664391614808867;0.0;0.0;0.0;0.0;0.5189125634481374;0.13727739382294743;0.0;0.0;0.0;1946.0625;183.0872530182674;0.17408536930577367;0.08875407917765886;2854.051747870723;4790.406700177798;470.88606578532307;38.91355981241246;50.645573914930495;64.43885097905623;BCC-(R)HEAs & HESAs
Cr1 Mo1 Nb1 Ti1;0.0;0.0;0.0;0.180099054479964;0.0;0.0;0.0;0.0;0.33231738994908744;0.3217885221487203;0.0;0.0;0.0;0.0;0.0;0.1657950334222284;0.0;0.0;0.0;2151.25;38.858092335399846;0.316741045486855;0.15183170594921777;834.196307969383;1669.709626360268;272.7127246908877;30.749761018262856;40.257381467132866;34.42181996843838;BCC-(R)HEAs & HESAs
Nb1 Ta1 Ti1;0.0;0.0;0.0;0.0;0.0;0.0;0.0;0.0;0.0;0.28878251950393186;0.0;0.0;0.0;0.0;0.5624281229602461;0.14878935753582195;0.0;0.0;0.0;2374.666664019;198.31081030677905;0.18792824568428668;0.09430106091632945;3076.660165356043;5191.539055789016;425.7183663320175;40.690859536217836;50.77096970995781;66.98290826366829;BCC-(R)HEAs & HESAs
Nb1 Ta1 Ti1 W1;0.0;0.0;0.0;0.0;0.0;0.0;0.0;0.0;0.0;0.1837727713274126;0.0;0.0;0.0;0.0;0.3579128508416243;0.09468520679628932;0.0;0.3636291710346737;0.0;2632.75;143.39887453765058;0.1329154888178692;0.09702670423427748;2168.074440730264;3696.827146426805;327.09545661332754;37.57469764573129;68.10490003284407;60.936428681711;BCC-(R)HEAs & HESAs
Co0.986 Cr0.952 Fe0.933 Mn0.914 Ni1;0.0;0.0;0.21630744646585495;0.1842885728085502;0.0;0.19398267133114802;0.0;0.18693600841122426;0.0;0.0;0.21848530098322247;0.0;0.0;0.0;0.0;0.0;0.0;0.0;0.0;1518.6961338040003;11.116014087623087;0.3295778670903595;0.11715939745371347;186.390167568968;261.8105658727139;317.94326325672216;16.729560996979703;34.36356309368076;49.81715911010821;BCC-(R)HEAs & HESAs
Mo1 Nb1 Ti1;0.0;0.0;0.0;0.0;0.0;0.0;0.0;0.0;0.40531407088243987;0.39247243695349127;0.0;0.0;0.0;0.0;0.0;0.20221349216406875;0.0;0.0;0.0;2248.333330812;45.13114941072105;0.2743916251659475;0.1518469354963107;890.4722679846235;2032.5233828369878;228.38822709415786;34.42585095118646;41.468206020589776;37.22514907532925;BCC-(R)HEAs & HESAs
Nb1 Ta0.3 Ti1 Zr1;0.0;0.0;0.0;0.0;0.0;0.0;0.0;0.0;0.0;0.32453673779842035;0.0;0.0;0.0;0.0;0.18961873674272386;0.1672109960005423;0.0;0.0;0.31863352945831347;2076.303030395;103.63611615059618;0.3611502366706357;0.11124804826776756;2039.31519338727;1963.827203087588;279.2854236933374;20.973481510171823;36.55624985979374;41.72521749331787;BCC-(R)HEAs & HESAs
Nb1 Ti1 Zr1;0.0;0.0;0.0;0.0;0.0;0.0;0.0;0.0;0.0;0.4004741379310345;0.0;0.0;0.0;0.0;0.0;0.20633620689655172;0.0;0.0;0.3931896551724138;1984.333331076;55.934603448275844;0.3929587590171094;0.12706946268456978;1495.1350215517236;330.089053530173;192.89398706896554;12.620603943544804;31.06720542812371;28.323658994200116;BCC-(R)HEAs & HESAs
Hf0.25 Ti1 V0.5 Zr0.5;0.0;0.0;0.0;0.0;0.0;0.0;0.27279952314722833;0.0;0.0;0.0;0.0;0.0;0.0;0.0;0.0;0.29265310489232604;0.15571077045346865;0.0;0.27883660150697703;1813.4444423580003;324.15623958795027;0.4799701138229343;0.1158959784407466;1508.271599749346;1318.7513018174172;2427.84988307937;21.91915073853432;32.18524828995671;28.62916233366256;BCC-(R)HEAs & HESAs
Hf0.25 Nb0.125 Ti1 V0.5 Zr0.5;0.0;0.0;0.0;0.0;0.0;0.0;0.2547146251489486;0.0;0.0;0.06629373024424005;0.0;0.0;0.0;0.0;0.0;0.27325203890145483;0.14538812264090362;0.0;0.2603514830644528;1847.8947389630002;308.02656137396616;0.45425407416177466;0.12340910196113888;1530.9260501323586;1264.6880170042139;2277.1410391797313;21.94257636547322;32.453432516839214;27.775411618831875;BCC-(R)HEAs & HESAs
Hf0.25 Nb0.25 Ti1 V0.5 Zr0.5;0.0;0.0;0.0;0.0;0.0;0.0;0.23887847965738754;0.0;0.0;0.12434421841541754;0.0;0.0;0.0;0.0;0.0;0.2562633832976445;0.13634903640256957;0.0;0.24416488222698068;1878.9;293.90251539079213;0.43113089762435386;0.12998801200952947;1550.763550588864;1217.3471890860783;2145.1719686830843;21.96308915113951;32.68826958563867;27.027819869358417;BCC-(R)HEAs & HESAs
Hf0.25 Nb0.375 Ti1 V0.5 Zr0.5;0.0;0.0;0.0;0.0;0.0;0.0;0.22489620776944644;0.0;0.0;0.1755989697209267;0.0;0.0;0.0;0.0;0.0;0.24126352163557793;0.12836811948877358;0.0;0.22987318138527538;1906.952378806;281.43191439292104;0.410240621497566;0.13579675549532488;1568.278754174601;1175.548360465908;2028.6519843275103;21.98120058386938;32.89561523205792;26.367745685864534;BCC-(R)HEAs & HESAs
Hf0.25 Nb0.5 Ti1 V0.5 Zr0.5;0.0;0.0;0.0;0.0;0.0;0.0;0.2124602730594803;0.0;0.0;0.22118532096987295;0.0;0.0;0.0;0.0;0.0;0.22792253395388698;0.12126983371225196;0.0;0.21716203830450773;1932.4545476599997;270.3404708907166;0.391283903162593;0.14096309461028292;1583.8569056433078;1138.372177576886;1925.0182595136357;21.99730903184972;33.08002995458054;25.780670852004082;BCC-(R)HEAs & HESAs
Cr1 Fe1 Ni1 Ti0.4;0.0;0.0;0.0;0.28003963633021123;0.0;0.30077334017389035;0.0;0.0;0.0;0.0;0.31606781261961725;0.0;0.0;0.0;0.0;0.10311921087628122;0.0;0.0;0.0;1621.176470596;7.977996828989369;0.19505877328862298;0.1029630394483959;282.56764039639637;96.97342854716493;230.49692223556525;17.590598952536297;33.5080837673988;41.38335472075889;BCC-(R)HEAs & HESAs
Cr1 Fe1 Ni1 Ti0.5;0.0;0.0;0.0;0.27300170626066417;0.0;0.2932143325895787;0.0;0.0;0.0;0.0;0.30812442577766114;0.0;0.0;0.0;0.0;0.1256595353720961;0.0;0.0;0.0;1622.2857161809998;8.11803189394934;0.19042406142214074;0.10097751358825212;290.23117206982556;97.02436015225092;227.4686048037801;17.551412217550716;33.773005014825536;41.484117288439485;BCC-(R)HEAs & HESAs
Cr1 Fe1 Ni1 Ti0.6;0.0;0.0;0.0;0.26630885677101174;0.0;0.286025954820404;0.0;0.0;0.0;0.0;0.30057051545943614;0.0;0.0;0.0;0.0;0.14709467294914821;0.0;0.0;0.0;1623.3333352369998;8.251200823419973;0.18601580766617987;0.0990893411272532;297.5189489506131;97.07279450208652;224.58877045226694;17.514146868697047;34.02493676437647;41.57993931182037;BCC-(R)HEAs & HESAs
Nb1 Ta1 Ti1 Zr1;0.0;0.0;0.0;0.0;0.0;0.0;0.0;0.0;0.0;0.2249909189974573;0.0;0.0;0.0;0.0;0.4381886426928199;0.11592202445816682;0.0;0.0;0.22089841385155584;2237.25;166.1677031117569;0.33319403275240156;0.09050786424830555;2752.677261169632;4105.483376725995;392.53536747790287;31.923211620262414;43.751800687597;59.29322893002647;BCC-(R)HEAs & HESAs
Hf1 Mo1 Nb1 Ta1 Zr1;0.0;0.0;0.0;0.0;0.0;0.0;0.27909994996247184;0.0;0.15003440080060046;0.14528083562672006;0.0;0.0;0.0;0.0;0.282946584938704;0.0;0.0;0.0;0.14263822867150364;2426.6;361.41918861020747;0.4455851262316156;0.1492089427105651;2066.4385007505625;4343.871653247932;2568.1785245183896;40.420101307136406;32.022601538057216;43.261553444786216;BCC-(R)HEAs & HESAs
Hf1 Mo1 Nb1 Ta1 Ti1;0.0;0.0;0.0;0.0;0.0;0.0;0.29939446802086656;0.0;0.160944026032843;0.1558448093664559;0.0;0.0;0.0;0.0;0.3035208078232719;0.08029588875656272;0.0;0.0;0.0;2393.6;380.708559639029;0.3771180100310362;0.15018077246440145;2017.525496083332;4625.604156004357;2721.5997450391683;44.49345694319816;34.981587208133085;45.129492494762744;BCC-(R)HEAs & HESAs
Al1 Nb1 Ti1 Zr1;0.10417792879759054;0.0;0.0;0.0;0.0;0.0;0.0;0.0;0.0;0.35875357170437866;0.0;0.0;0.0;0.0;0.0;0.18484052822611782;0.0;0.0;0.35222797127191285;1653.3125;50.26892810255616;0.3529165912247445;0.1161868482672443;1360.1584485288433;296.43030511622567;277.9663101397792;13.151816041784606;32.95106052365196;28.925590917797226;BCC-(R)HEAs & HESAs
HESA1;0.03857066192771932;0.0;0.22249702349532555;0.11627429590268733;0.0;0.1177176440745563;0.0;0.0;0.0;0.0;0.45931700947789467;0.0;0.0;0.0;0.0;0.04562336512181675;0.0;0.0;0.0;1469.6655;13.58335037171485;0.2161217253292771;0.0993492606825091;209.76298720102992;313.8932994554315;339.0187598147675;24.671391070644372;36.697852018079736;56.91521625690853;BCC-(R)HEAs & HESAs
HESA2;0.03872425118098992;0.0;0.2233830117046443;0.11673730279418755;0.0;0.11818639841131277;0.0;0.0;0.0;0.0;0.4395466750478063;0.0;0.0;0.0;0.0;0.06342236086105905;0.0;0.0;0.0;1473.8055;13.63748153668172;0.21677149861519007;0.09827686901951377;217.34135448393428;311.48750833574985;337.38199499155746;24.27683414775613;36.97846894798326;56.545839200366984;BCC-(R)HEAs & HESAs
HESA3;0.04982464180257577;0.0;0.17961821559385388;0.06992454066300298;0.0;0.09012197529297036;0.0;0.0;0.01548290694603493;0.0;0.5093009500234964;0.0;0.0;0.0;0.01946591635841598;0.04978017696646185;0.0;0.016480676353187777;0.0;1457.9017500000002;19.62306767117752;0.17936899417029273;0.09363281381433737;286.0820038257688;550.2541904073927;334.6877552806027;27.569950280182777;37.72688712275342;59.02847346470516;BCC-(R)HEAs & HESAs
HESA4;0.04965358363529779;0.0;0.1796931934087518;0.06942942115024417;0.0;0.09069308352694963;0.0;0.0;0.015581023033860017;0.020116489144706394;0.5114694769463829;0.0;0.0;0.0;0.0;0.05009563686247579;0.0;0.013268092291331482;0.0;1460.9395;15.139808620723564;0.1740184315118951;0.09726673961838626;236.73365201461706;383.83488418887464;324.90315227254155;26.892905650277108;37.05085301201965;57.42484590189862;BCC-(R)HEAs & HESAs
